ASM990 2.4.6                                Mon Aug 11 04:07:31 2025 Page 0001


0000          1          AORG >0000
              2  
              3  ***************************************************************
              4  * Interrupt vectors.                                           
              5  ***************************************************************
              6  
0000 EC00     7          DATA >EC00,A0226                          WP/PC level 0
0002 0226 
0004 F0D6     8          DATA >F0D6,>F0F6                          WP/PC level 1
0006 F0F6 
0008 F0CA     9          DATA >F0CA,>F0EA                          WP/PC level 2
000A F0EA 
000C F0BE    10          DATA >F0BE,>F0DE                          WP/PC level 3
000E F0DE 
0010 F0B2    11          DATA >F0B2,>F0D2                          WP/PC level 4
0012 F0D2 
             12  
             13  *Interrupts 5-15 not used. Use vector space for text strings.
             14  
0014 0D      15  A0014   BYTE >0D,>0A
0015 0A   
0016 4D      16          TEXT 'MON? '
0017 4F   
0018 4E   
0019 3F   
001A 20   
001B 00      17          BYTE >00
             18  
001C 20      19  A001C   TEXT '    '
001D 20   
001E 20   
001F 20   
0020 20      20  A0020   TEXT '  '
0021 20   
0022 00      21  A0021   BYTE >00
             22  
0023 0D      23  A0023   BYTE >0D,>0A
0024 0A   
0025 42      24          TEXT 'BP'
0026 50   
0027 00      25          BYTE >00
             26  
0028 49      27  A0028   TEXT 'IDT='
0029 44   
002A 54   
002B 3D   
002C 00      28          BYTE >00
             29  
002D 0D      30  A002D   BYTE >0D,>0A
002E 0A   
002F 52      31          TEXT 'READY Y/N '
0030 45   
0031 41   
0032 44   
0033 59   
0034 20   
0035 59   
0036 2F   
0037 4E   
0038 20   
ASM990 2.4.6                                Mon Aug 11 04:07:31 2025 Page 0002


0039 00      32          BYTE >00
             33  
003A 57      34  A003A   TEXT 'W'
003B 00      35          BYTE >00
003C 50      36  A003C   TEXT 'P'
003D 00      37          BYTE >00
003E 53      38  A003E   TEXT 'S'
003F 00      39          BYTE >00
             40  
             41  ***************************************************************
             42  * XOP vectors.                                                 
             43  ***************************************************************
             44  
0040 F0AC    45          DATA >F0AC,>F0BE                          XOP 0.
0042 F0BE 
0044 F09E    46          DATA >F09E,>F0B0                          XOP 1.
0046 F0B0 
0048 F090    47          DATA >F090,>F0A2                          XOP 2.
004A F0A2 
004C F082    48          DATA >F082,>F094                          XOP 3.
004E F094 
0050 F074    49          DATA >F074,>F086                          XOP 4.
0052 F086 
0054 F066    50          DATA >F066,>F078                          XOP 5.
0056 F078 
0058 F058    51          DATA >F058,>F06A                          XOP 6.
005A F06A 
005C F04A    52          DATA >F04A,>F05C                          XOP 7.
005E F05C 
0060 EC24    53          DATA >EC24,>03F8                          XOP 8.
0062 03F8 
0064 EC24    54          DATA >EC24,>0396                          XOP 9.
0066 0396 
0068 EC24    55          DATA >EC24,>0402                          XOP 10.
006A 0402 
006C EC0A    56          DATA >EC0A,A0326                          XOP 11 - read
006E 0326 
0070 EC16    57          DATA >EC16,A02EE                          XOP 12 - writ
0072 02EE 
0074 EC16    58          DATA >EC16,A02E2                          XOP 13 - read
0076 02E2 
0078 EC24    59          DATA >EC24,A032C                          XOP 14 - writ
007A 032C 
007C EC00    60          DATA >EC00,>0442                          XOP 15.
007E 0442 
             61  
0080 0460    62          DATA >0460
0082 0142    63          DATA >0142
             64  
             65  *Baud rate table.
             66  
0084 0009    67  A0084   DATA >0009,>001A                          19200 BAUD
0086 001A 
0088 0012    68          DATA >0012,>0034                          9600 BAUD
008A 0034 
008C 0023    69          DATA >0023,>0068                          4800 BAUD
008E 0068 
0090 0046    70          DATA >0046,>00D0                          2400 BAUD
0092 00D0 
0094 008D    71  A0094   DATA >008D,>01A1                          1200 BAUD
ASM990 2.4.6                                Mon Aug 11 04:07:31 2025 Page 0003


0096 01A1 
0098 0119    72          DATA >0119,>0341                          600 BAUD (I a
009A 0341 
009C 02A4    73          DATA >02A4,>04D0                          300 BAUD
009E 04D0 
00A0 7FFF    74          DATA >7FFF,>0638                          110 BAUD
00A2 0638 
             75  
00A4 0D      76  A00A4   BYTE >0D,>0A                              Error message
00A5 0A   
00A6 45      77          TEXT 'ERROR '
00A7 52   
00A8 52   
00A9 4F   
00AA 52   
00AB 20   
00AC 00      78  A00AC   BYTE >00
             79  
00AD 0D      80  A00AD   BYTE >0D,>0A                              Logon message
00AE 0A   
00AF 45      81          TEXT 'EVMBUG  R1.0'
00B0 56   
00B1 4D   
00B2 42   
00B3 55   
00B4 47   
00B5 20   
00B6 20   
00B7 52   
00B8 31   
00B9 2E   
00BA 30   
00BB 00      82          BYTE >00
             83  
00BC 0D0A    84  A00BC   DATA >0D0A
00BE 5200    85          DATA >5200
00C0 0D0A    86          DATA >0D0A
00C2 4831    87          DATA >4831
00C4 2B48    88          DATA >2B48
00C6 323D    89          DATA >323D
00C8 0020    90          DATA >0020
00CA 4831    91          DATA >4831
00CC 2D48    92          DATA >2D48
00CE 32      93  A00CE   TEXT '2='
00CF 3D   
00D0 00      94  A00CF   BYTE >00
00D1 20      95          TEXT ' '
00D2 4552    96          DATA >4552
00D4 524F    97          DATA >524F
00D6 5200    98  A00D6   DATA >5200
00D8 0D0A    99  A00D8   DATA >0D0A
00DA 434F   100          DATA >434F
00DC 4D3F   101          DATA >4D3F
00DE 2000   102  A00DE   DATA >2000
00E0 3A0D   103          DATA >3A0D
00E2 00     104          BYTE >00
            105  
00E3 0D     106  A00E3   BYTE >0D,>0A
00E4 0A   
00E5 54     107          TEXT 'TERMINAL MODE'
ASM990 2.4.6                                Mon Aug 11 04:07:31 2025 Page 0004


00E6 45   
00E7 52   
00E8 4D   
00E9 49   
00EA 4E   
00EB 41   
00EC 4C   
00ED 20   
00EE 4D   
00EF 4F   
00F0 44   
00F1 45   
00F2 0D     108  A00F2   BYTE >0D,>0A
00F3 0A   
00F4 00     109          BYTE >00
            110  
00F5 0D     111  A00F5   BYTE >0D
00F6 0A43   112          DATA >0A43
00F8 4D44   113          DATA >4D44
00FA 2045   114          DATA >2045
00FC 5252   115          DATA >5252
00FE 000D   116          DATA >000D
0100 0A50   117          DATA >0A50
0102 4152   118          DATA >4152
0104 4D20   119          DATA >4D20
0106 4552   120          DATA >4552
0108 5200   121          DATA >5200
010A 0D0A   122          DATA >0D0A
010C 434B   123          DATA >434B
010E 534D   124          DATA >534D
0110 2045   125          DATA >2045
0112 5252   126          DATA >5252
0114 000D   127          DATA >000D
0116 0A54   128          DATA >0A54
0118 4147   129          DATA >4147
011A 2045   130          DATA >2045
011C 5252   131          DATA >5252
011E 0055   132          DATA >0055
0120 504C   133          DATA >504C
0122 4420   134          DATA >4420
0124 4552   135          DATA >4552
0126 5200   136          DATA >5200
0128 460D   137  A0128   DATA >460D
012A 000A   138          DATA >000A
012C 7F3A   139          DATA >7F3A
012E 0D0A   140          DATA >0D0A
0130 7F13   141          DATA >7F13
0132 0D14   142          DATA >0D14
0134 7F00   143  A0134   DATA >7F00
0136 120A   144  A0136   DATA >120A
0138 7F00   145          DATA >7F00
            146  
            147  *Initialisation values for TMS9902 control registers.
            148  
013A 62     149  A013A   BYTE >62                                  (0110 0010) 7
            150  
013B 42     151  A013B   BYTE >42                                  (0100 0010) 7
            152  
            153  
013C 1100   154  A013C   DATA >1100                                <DC1> charact
ASM990 2.4.6                                Mon Aug 11 04:07:31 2025 Page 0005


013E 0000   155  A013E   DATA >0000                                1st TMS9902 C
0140 0400   156  A0140   DATA >0400                                2nd TMS9902 C
            157  
            158  *Branch taken to here after printing logon message.
            159  
0142 02E0   160  A0142   LWPI >EC00                                Initialise wo
0144 EC00 
            161  *
            162  
0146 04C1   163          CLR R1                                    Address of WP
0148 0202   164          LI R2,>FFFC                               Address of NM
014A FFFC 
            165  *
014C CCB1   166          MOV *R1+,*R2+                             Copy level 0 
014E 0201   167          LI R1,A042E                               Address to pu
0150 042E 
            168  *
0152 CC81   169          MOV R1,*R2+                               Store NMI PC 
            170  
0154 0209   171          LI R9,>0142                               Re-entry addr
0156 0142 
            172  *
            173  
0158 04C1   174          CLR R1                                    Delay loop (l
015A 0641   175  A015A   DECT R1
015C 16FE   176          JNE A015A
            177  
015E C320   178          MOV @>013E,R12                            CRU address o
0160 013E 
            179  *
0162 C80C   180          MOV R12,@>EC2E                            Store CRU add
0164 EC2E 
            181  *
0166 1F15   182          TB 21                                     Receive buffe
0168 1601   183          JNE A016C                                 No, jump.
            184  
            185  *Input command.
            186  *Command is one to three uppercase letters followed by a <CR>, 
            187  
016A 2F45   188  A016A   XOP R5,13                                 Read characte
016C 2FA0   189  A016C   XOP @A0014,14                             Print "MON? "
016E 0014 
            190  *
0170 04C0   191          CLR R0
0172 0202   192          LI R2,>0A05                               Opcode for SL
0174 0A05 
            193  *
0176 0203   194          LI R3,>0004                               Max number of
0178 0004 
            195  *
017A 04C4   196          CLR R4                                    Keystrokes as
017C 0208   197          LI R8,>0001
017E 0001 
            198  *
0180 2EC5   199  A0180   XOP R5,11                                 Read characte
0182 0285   200          CI R5,>0D00                               <CR> characte
0184 0D00 
            201  *
0186 1604   202  A0186   JNE A0190                                 No, jump.
0188 0205   203  A0188   LI R5,>0A00                               Yes, load a <
ASM990 2.4.6                                Mon Aug 11 04:07:31 2025 Page 0006


018A 0A00 
            204  *
018C 2F05   205  A018C   XOP R5,12                                 Write charact
018E 1019   206          JMP A01C2                                 Find command 
0190 0285   207  A0190   CI R5,>2000                               <Space> chara
0192 2000 
            208  *
0194 1316   209  A0194   JEQ A01C2                                 Yes, find com
0196 0285   210  A0196   CI R5,>2C00                               No, <Comma> c
0198 2C00 
            211  *
019A 1313   212  A019A   JEQ A01C2                                 Yes, find com
019C 0285   213  A019C   CI R5,>4100                               'A' character
019E 4100 
            214  *
01A0 113C   215  A01A0   JLT A021A                                 Jump if ASCII
            216  
01A2 0285   217          CI R5,>5A00                               'Z' character
01A4 5A00 
            218  *
01A6 1539   219          JGT A021A                                 Jump if chara
01A8 0603   220          DEC R3                                    Decrement num
01AA 1337   221          JEQ A021A                                 Jump if enter
01AC 06C5   222          SWPB R5                                   Swap characte
01AE 0245   223          ANDI R5,>001F                             Mask the leas
01B0 001F 
            224  *
01B2 0283   225          CI R3,>0003                               This the firs
01B4 0003 
            226  *
01B6 1301   227          JEQ A01BA                                 Yes, skip nex
01B8 0482   228          X R2                                      Initially SLA
01BA A105   229  A01BA   A R5,R4                                   Add result to
01BC 0222   230          AI R2,>0050                               Add 5 to the 
01BE 0050 
            231  *
01C0 10DF   232          JMP A0180                                 Get next char
            233  
            234  * So following the routine above, the ASCII codes of the charac
            235  * as follows:
            236  
            237  * XXXX XXXX XXXX XXXX
            238  *              ^ ^^^^ = 1st character entered.
            239  *        ^^ ^^^       = 2nd character entered.
            240  *  ^^^ ^^             = 3rd character entered.
            241  
01C2 020B   242  A01C2   LI R11,A027A                              Address of st
01C4 027A 
            243  *
01C6 1002   244          JMP A01CC                                 Skip followin
            245  
01C8 022B   246  A01C8   AI R11,>0004
01CA 0004 
            247  *
            248  
01CC C2BB   249  A01CC   MOV *R11+,R10                             Get command v
01CE 1325   250          JEQ A021A                                 Jump if end o
01D0 810A   251          C R10,R4                                  Command value
01D2 16FA   252          JNE A01C8                                 No, loop and 
01D4 C1BB   253          MOV *R11+,R6                              Yes, get numb
ASM990 2.4.6                                Mon Aug 11 04:07:31 2025 Page 0007


01D6 C2DB   254          MOV *R11,R11                              Get entry poi
01D8 0207   255          LI R7,>EC00                               Address to st
01DA EC00 
            256  *
01DC 0285   257          CI R5,>0A00                               Previously a 
01DE 0A00 
            258  *
01E0 130F   259          JEQ A0200                                 Yes, jump.
01E2 0916   260  A01E2   SRL R6,1                                  Command has a
01E4 170E   261          JNC A0202                                 No, execute c
01E6 2E44   262          XOP R4,9                                  Input 4 digit
01E8 01F8   263          DATA A01F8                                Returns to th
01EA 020E   264          DATA A020E                                Returns to th
01EC CDC4   265          MOV R4,*R7+                               Store operand
01EE 0583   266  A01EE   INC R3
01F0 0285   267          CI R5,>0D00
01F2 0D00 
            268  *
01F4 1306   269          JEQ A0202                                 Yes, execute 
01F6 10F5   270          JMP A01E2                                 Loop and chec
            271  
01F8 05C7   272  A01F8   INCT R7
01FA 0285   273          CI R5,>0D00
01FC 0D00 
            274  *
01FE 16F7   275          JNE A01EE
0200 04C3   276  A0200   CLR R3
0202 045B   277  A0202   B *R11                                    Execute comma
            278  
0204 04C0   279  A0204   CLR R0                                    Error number 
0206 100B   280          JMP A021E                                 Print error m
            281  
0208 0200   282  A0208   LI R0,>0001                               Error number 
020A 0001 
            283  *
020C 1008   284          JMP A021E                                 Print error m
            285  
020E 0200   286  A020E   LI R0,>0002                               Error number 
0210 0002 
            287  *
0212 1005   288          JMP A021E                                 Print error m
            289  
0214 0200   290  A0214   LI R0,>0003                               Error number 
0216 0003 
            291  *
0218 1002   292          JMP A021E                                 Print error m
            293  
021A 0200   294  A021A   LI R0,>0004                               End of comman
021C 0004 
            295  *
021E 2FA0   296  A021E   XOP @A00A4,14                             Print error m
0220 00A4 
            297  *
0222 2E00   298          XOP R0,8                                  ... followed 
0224 108E   299          JMP A0142
            300  
            301  ***************************************************************
            302  * Reset entry point.                                           
            303  ***************************************************************
            304  
ASM990 2.4.6                                Mon Aug 11 04:07:31 2025 Page 0008


0226 020C   305  A0226   LI R12,>EC44
0228 EC44 
            306  *
022A 04FC   307          CLR *R12+                                 Clear ASR fla
022C 073C   308          SETO *R12+                                Reset dump fl
022E 04FC   309          CLR *R12+                                 Clear step fl
0230 04DC   310          CLR *R12                                  Clear halt fl
            311  
            312  *Initialise TMS9902.
            313  
0232 C320   314          MOV @A013E,R12                            CRU address o
0234 013E 
            315  *
0236 C80C   316          MOV R12,@>EC2E                            Store CRU add
0238 EC2E 
            317  *
023A 1D1F   318          SBO 31                                    Reset TMS9902
023C 04C3   319          CLR R3                                    Reset loop co
023E 3220   320          LDCR @A013A,8                             Initialise TM
0240 013A 
            321  *
0242 1E0D   322          SBZ 13                                    Do not inital
0244 1F0F   323  A0244   TB 15                                     RS-232 space?
0246 13FE   324          JEQ A0244                                 No, jump back
0248 0583   325  A0248   INC R3                                    Yes, time the
024A 1F0F   326          TB 15                                     RS-232 mark?
024C 16FD   327          JNE A0248                                 No, jump back
            328  
            329  *Table search for baud rate.
            330  
024E 0207   331  A024E   LI R7,A0084                               Set pointer t
0250 0084 
            332  *
0252 8DC3   333  A0252   C R3,*R7+                                 Matching baud
0254 1102   334          JLT A025A                                 Yes, jump.
0256 05C7   335          INCT R7                                   No, update po
0258 10FC   336          JMP A0252
            337  
025A 3317   338  A025A   LDCR *R7,12                               Initialise TM
025C C1D7   339          MOV *R7,R7
025E 0287   340          CI R7,>01A1                               1200 baud?
0260 01A1 
            341  *
0262 1108   342          JLT A0274                                 If faster bau
0264 1602   343          JNE A026A                                 If 300 or 110
0266 0720   344          SETO @>EC44                               Set ASR flag.
0268 EC44 
            345  *
            346  
026A 2F45   347  A026A   XOP R5,13                                 Read characte
026C 2FA0   348          XOP @A00AD,14                             Print logon m
026E 00AD 
            349  *
0270 0460   350          B @A0142                                  Branch.
0272 0142 
            351  *
            352  
0274 05A0   353  A0274   DATA >05A0
0276 EC44   354          DATA >EC44
0278 10F8   355          DATA >10F8
ASM990 2.4.6                                Mon Aug 11 04:07:31 2025 Page 0009


            356  
            357  *Command table.
            358  *Second word is a bitmap of the number of operands for the comm
            359  *Example: >0003 = binary 0011 = two operands.
            360  
027A 01A9   361  A027A   DATA >01A9                                Command IM (I
027C 0001   362  A027C   DATA >0001                                One operand.
027E 036C   363  A027E   DATA A036C                                Address.
            364  
0280 01A4   365  A0280   DATA >01A4                                Command DM (D
0282 0003   366  A0282   DATA >0003                                Two operands.
0284 0334   367  A0284   DATA A0334                                Address.
            368  
0286 4AE9   369  A0286   DATA >4AE9                                Command IWR (
0288 0001   370  A0288   DATA >0001                                One operand.
028A 04AC   371  A028A   DATA A04AC                                Address.
            372  
028C 0305   373  A028C   DATA >0305                                Command EX (E
028E 0000   374  A028E   DATA >0000                                No operands.
0290 042C   375  A0290   DATA A042C                                Address.
            376  
0292 0B05   377  A0292   DATA >0B05                                Command EXB (
0294 0001   378  A0294   DATA >0001                                One operand.
0296 0436   379  A0296   DATA A0436                                Address.
            380  
0298 0273   381  A0298   DATA >0273                                Command SS (S
029A 0000   382  A029A   DATA >0000                                No operand.
029C 0426   383  A029C   DATA A0426                                Address.
            384  
029E 0DAC   385  A029E   DATA >0DAC                                Command LMC (
02A0 0001   386  A02A0   DATA >0001                                One operand.
02A2 0648   387  A02A2   DATA A064A                                Address.
            388  
02A4 0DA4   389  A02A4   DATA >0DA4                                Command DMC (
02A6 0007   390  A02A6   DATA >0007                                Three operand
02A8 0552   391  A02A8   DATA A0552                                Address.
            392  
02AA 0069   393  A02AA   DATA >0069                                Command IC (I
02AC 0003   394  A02AC   DATA >0003                                Two operands.
02AE 0460   395  A02AE   DATA A0460                                Address.
            396  
02B0 0249   397  A02B0   DATA >0249                                Command IR (I
02B2 0000   398  A02B2   DATA >0000                                No operands.
02B4 051A   399  A02B4   DATA A051A                                Address.
            400  
02B6 0086   401  A02B6   DATA >0086                                Command FD (F
02B8 0007   402  A02B8   DATA >0007                                Three operand
02BA 076E   403  A02BA   DATA A0770                                Address.
            404  
02BC 60A8   405  A02BC   DATA >60A8                                Command HEX (
02BE 0003   406  A02BE   DATA >0003                                Two operands.
02C0 079E   407  A02C0   DATA A07A0                                Address
            408  
02C2 19D4   409  A02C2   DATA >19D4                                Command TNF (
02C4 0000   410  A02C4   DATA >0000                                No operands.
02C6 07B2   411  A02C6   DATA A07B4                                Address.
            412  
02C8 1438   413  A02C8   DATA >1438                                Command XAE (
02CA 0001   414  A02CA   DATA >0001                                One operand.
02CC 07C0   415  A02CC   DATA A07C2                                Address.
ASM990 2.4.6                                Mon Aug 11 04:07:31 2025 Page 0010


            416  
02CE 0038   417  A02CE   DATA >0038                                Command XA (L
02D0 0001   418  A02D0   DATA >0001                                One operand.
02D2 07B8   419  A02D2   DATA A07BA                                Address.
            420  
02D4 3078   421  A02D4   DATA >3078                                Command XCL (
02D6 0000   422  A02D6   DATA >0000                                No operands.
02D8 0E18   423  A02D8   DATA A0E1A                                Address.
            424  
02DA 0658   425  A02DA   DATA >0658                                Command XRA (
02DC 0003   426  A02DC   DATA >0003                                Two operands.
02DE 1166   427  A02DE   DATA >1166                                Address.
            428  
02E0 0000   429  A02E0   DATA >0000                                End of comman
            430  
            431  ***************************************************************
            432  * XOP 13. Read character.                                      
            433  ***************************************************************
            434  
02E2 1F15   435  A02E2   TB 21                                     Receive buffe
02E4 16FE   436          JNE A02E2                                 No, loop roun
02E6 04DB   437          CLR *R11
02E8 361B   438          STCR *R11,8
02EA 1E12   439          SBZ 18                                    Disable recei
02EC 0380   440          RTWP                                      Return from X
            441  
            442  ***************************************************************
            443  * XOP 12. Write character.                                     
            444  ***************************************************************
            445  
02EE 020A   446  A02EE   LI R10,>186A                              Carriage retu
02F0 186A 
            447  *
02F2 1D10   448          SBO 16                                    Set RTS on.
02F4 1F16   449  A02F4   TB 22                                     Transmit buff
02F6 16FE   450          JNE A02F4                                 No, wait unti
02F8 321B   451          LDCR *R11,8                               Send characte
02FA D2DB   452          MOVB *R11,R11
02FC 980B   453          CB R11,@A00F2                             Carriage retu
02FE 00F2 
            454  *
0300 160B   455          JNE A0318                                 No, jump.
0302 C2E0   456          MOV @>EC44,R11                            Yes, ASR flag
0304 EC44 
            457  *
0306 150E   458          JGT A0324                                 Yes, exit.
0308 0A3A   459          SLA R10,3                                 Adjust ASR de
030A 1F16   460  A030A   TB 22                                     Wait for tran
030C 16FE   461          JNE A030A
030E 1F17   462          TB 23
0310 16FC   463          JNE A030A
0312 060A   464  A0312   DEC R10                                   Decrement ASR
0314 16FE   465          JNE A0312
0316 0380   466          RTWP                                      Return from X
            467  
0318 C2E0   468  A0318   MOV @>EC46,R11                            Dump flag set
031A EC46 
            469  *
031C 1303   470          JEQ A0324                                 Yes, ignore A
031E C2E0   471          MOV @>EC44,R11                            No, ASR flag 
ASM990 2.4.6                                Mon Aug 11 04:07:31 2025 Page 0011


0320 EC44 
            472  *
0322 11F3   473          JLT A030A                                 Yes, wait 3 n
0324 0380   474  A0324   RTWP                                      Return from X
            475  
            476  ***************************************************************
            477  * XOP 11. Reach character and echo to terminal.                
            478  ***************************************************************
            479  
0326 2F5B   480  A0326   XOP *R11,13                               Read characte
0328 2F1B   481          XOP *R11,12                               Write charact
032A 0380   482  A032A   RTWP                                      Return from X
            483  
            484  ***************************************************************
            485  * XOP 14. Write message.                                       
            486  ***************************************************************
            487  
032C D33B   488  A032C   MOVB *R11+,R12                            Get character
032E 13FD   489          JEQ A032A                                 If end of mes
0330 2F0C   490          XOP R12,12                                Write charact
0332 10FC   491          JMP A032C                                 Loop for next
            492  
            493  ***************************************************************
            494  * DM (Dump Memory) command.                                    
            495  * Two operands.                                                
            496  ***************************************************************
            497  
0334 4008   498  A0334   SZC R8, R0
0336 4048   499          SZC R8, R1
0338 0203   500  A0338   LI R3, >0008
033A 0008 
033C 2FA0   501          XOP @A00F2, R14
033E 00F2 
0340 2E80   502          XOP R0, R10
0342 2FA0   503  A0342   XOP @A00CF, R14
0344 00D0 
0346 2E90   504  A0346   XOP *R0, R10
0348 1F15   505          TB 21
034A 1602   506          JNE A0350
034C 2F40   507          XOP R0, R13
034E 0459   508  A034E   B *R9
0350 8040   509  A0350   C R0, R1
0352 13FD   510          JEQ A034E
0354 05C0   511          INCT R0
0356 0603   512          DEC R3
0358 0283   513          CI R3, >0004
035A 0004 
035C 1602   514          JNE A0362
035E 2FA0   515          XOP @A0020, R14
0360 0020 
0362 C0C3   516  A0362   MOV R3, R3
0364 13E9   517          JEQ A0338
0366 2FA0   518          XOP @A0020, R14
0368 0020 
036A 10ED   519          JMP A0346
            520  
            521  
            522  ***************************************************************
            523  * IM (Inspect Memory) command.                                 
            524  * One operand.                                                 
ASM990 2.4.6                                Mon Aug 11 04:07:31 2025 Page 0012


            525  ***************************************************************
036C 4008   526  A036C   SZC R8,R0
036E 1004   527          JMP A0378
0370 0640   528  A0370   DECT R0
0372 0A25   529          SLA R5,2
0374 16FB   530          JNE A036C
0376 8C30   531          C *R0+,*R0+
0378 2FA0   532  A0378   XOP @A00F2,R14
037A 00F2 
            533  
037C 2E80   534          XOP R0,R10
037E 2FA0   535          XOP @A00CF, R14
0380 00D0 
            536  
0382 2E90   537          XOP *R0, R10
0384 2FA0   538          XOP @A0020, R14
0386 0020 
            539  
0388 2E44   540          XOP R4,R9
038A 0390   541          DATA A0390
038C 020E   542          LI R14,>C404
038E C404 
            543  
0390 0A25   544  A0390   SLA R5,2
0392 11EE   545          JLT A0370
0394 0459   546          B *R9
0396 04C9   547          CLR R9
0398 04CC   548          CLR R12
039A 2ECA   549  A039A   XOP R10,R11
039C 028A   550          CI R10,>3000
039E 3000 
            551  
03A0 1A11   552          JL A03C4
03A2 028A   553          CI R10,>3900
03A4 3900 
03A6 1208   554          JLE A03B8
03A8 028A   555          CI R10,>4100
03AA 4100 
03AC 1A0B   556          JL A03C4
03AE 028A   557          CI R10,>4600
03B0 4600 
03B2 1B08   558          JH A03C4
03B4 022A   559          AI R10,>0900
03B6 0900 
            560  
03B8 0A4A   561  A03B8   SLA R10, 4
03BA 09CA   562          SRL R10, 12
03BC 0A4C   563          SLA R12, 4
03BE A30A   564          A R10, R12
03C0 0589   565          INC R9
03C2 10EB   566          JMP A039A
03C4 028A   567  A03C4   CI R10,>2000
03C6 2000 
            568  
03C8 130B   569          JEQ A03E0
03CA 028A   570          CI R10, >2D00
03CC 2D00 
            571  
03CE 1308   572          JEQ A03E0
03D0 028A   573          CI R10, >0D00
ASM990 2.4.6                                Mon Aug 11 04:07:31 2025 Page 0013


03D2 0D00 
            574  
03D4 1305   575          JEQ A03E0
03D6 028A   576          CI R10, >2C00
03D8 2C00 
            577  
03DA 160C   578          JNE A03F4
03DC 020A   579          LI R10, >2000
03DE 2000 
            580  
03E0 C249   581  A03E0   MOV R9, R9
03E2 1304   582          JEQ >03EC
03E4 CECC   583          MOV R12, *R11+
03E6 C6CA   584          MOV R10, *R11
03E8 8FBE   585          C *R14+, *R14+
03EA 0380   586          RTWP
03EC 05CB   587  A03EC   INCT R11
03EE C6CA   588          MOV R10, *R11
03F0 C39E   589  A03F0   MOV *R14, R14
03F2 0380   590          RTWP
03F4 05CE   591  A03F4   INCT R14
03F6 10FC   592          JMP A03F0
03F8 C31B   593          MOV *R11, R12
03FA 0ACC   594          SLA R12, 12
03FC 0209   595          LI R9, >0001
03FE 0001 
            596  
0400 1003   597          JMP A0408
0402 C31B   598          MOV *R11, R12
0404 0209   599          LI R9, >0004
0406 0004 
            600  
0408 C28C   601  A0408   MOV R12, R10
040A 09CA   602          SRL R10, 12
040C 0A8A   603          SLA R10, 8
040E 028A   604          CI R10, >0900
0410 0900 
0412 1202   605          JLE >0418
0414 022A   606          AI R10, >0700
0416 0700 
0418 022A   607          AI R10, >3000
041A 3000 
041C 2F0A   608          XOP R10, R12
041E 0BCC   609          SRC R12, 12
0420 0609   610          DEC R9
0422 16F2   611          JNE A0408
0424 0380   612          RTWP
            613  
            614  ***************************************************************
            615  * SS (Single Step) command.                                    
            616  * No operands.                                                 
            617  ***************************************************************
            618  
0426 0207   619  A0426   LI R7,>9900                               DATA >0207  S
0428 9900 
042A 03E0   620          DATA >03E0                                Opcode for LR
            621  *                        Initiate load interrupt.
            622  
            623  ***************************************************************
            624  * (embedded with SS code - EX (Execute) command.               
ASM990 2.4.6                                Mon Aug 11 04:07:31 2025 Page 0014


            625  * No operands.                                                 
            626  ***************************************************************
            627  
042C 0380   628  A042C   RTWP
            629  
            630  *
            631  * Load (NMI) entry point.
            632  *
042E 0287   633  A042E   CI R7,>9900                               Trace flag se
0430 9900 
0432 130B   634          JEQ A044A                                 Yes, jump to 
0434 1013   635          JMP A045C                                 No, return to
            636  
            637  ***************************************************************
            638  * EXB (Execute With Breakpoint) command.                       
            639  * One operand.                                                 
            640  ***************************************************************
            641  
            642  
0436 4008   643  A0436   SZC R8, R0
0438 C190   644          MOV *R0, R6
043A C420   645          MOV @A0440, *R0
043C 0440 
043E 0380   646          RTWP
0440 2FC0   647  A0440   XOP R0, R15
0442 064E   648          DECT R14
0444 C406   649          MOV R6, *R0
0446 2FA0   650          XOP @A0023, R14
0448 0023 
044A 04C7   651  A044A   CLR R7
044C 020A   652          LI R10, >FFFA
044E FFFA 
0450 2FA0   653  A0450   XOP @>001E, R14
0452 001E 
0454 2EAA   654          XOP @>EC20(R10), R10
0456 EC20 
0458 05CA   655          INCT R10
045A 16FA   656          JNE A0450
045C 0460   657  A045C   B @>0142                                  Return to mon
045E 0142 
            658  
            659  ***************************************************************
            660  * IC (Inspect/Change CRU) command.                             
            661  * Two operands.                                                
            662  ***************************************************************
            663  
0460 C300   664  A0460   MOV R0, R12
0462 04C7   665          CLR R7
0464 0241   666          ANDI R1, >000F
0466 000F 
0468 1303   667          JEQ A0470
046A 0281   668          CI R1, >0009
046C 0009 
046E 1A01   669          JL A0472
0470 0587   670  A0470   INC R7
0472 0A61   671  A0472   SLA R1, 6
0474 0208   672  A0474   LI R8, >3406
0476 3406 
0478 E201   673          SOC R1, R8
047A 0488   674          X R8
ASM990 2.4.6                                Mon Aug 11 04:07:31 2025 Page 0015


047C 2FA0   675          XOP @A00F2, R14
047E 00F2 
0480 2E8C   676          XOP R12, R10
0482 2FA0   677          XOP @A00CF, R14
0484 00D0 
0486 C1C7   678          MOV R7, R7
0488 1601   679          JNE A048C
048A 0986   680          SRL R6, 8
048C 2E86   681  A048C   XOP R6, R10
048E 2FA0   682          XOP @A0020, R14
0490 0020 
0492 2E44   683          XOP R4, R9
0494 04A6   684          X @A020E(R6)
0496 020E 
0498 C184   685          MOV R4, R6
049A C1C7   686          MOV R7, R7
049C 1601   687          JNE A04A0
049E 0A86   688          SLA R6, 8
04A0 0248   689  A04A0   ANDI R8, >F3FF
04A2 F3FF 
04A4 0488   690          X R8
04A6 09C5   691          SRL R5, 12
04A8 16E5   692          JNE A0474
04AA 0459   693          B *R9
            694  
            695  ***************************************************************
            696  * IWR (Inspect/Change Workspace Register) command.             
            697  * One operand.                                                 
            698  ***************************************************************
            699  
04AC C1CD   700  A04AC   MOV R13,R7
04AE C0C3   701          MOV R3,R3
04B0 131F   702          JEQ A04F0
04B2 0240   703          ANDI R0, >000F
04B4 000F 
04B6 C180   704          MOV R0, R6
04B8 0A10   705          SLA R0, 1
04BA A1C0   706          A R0, R7
04BC 2FA0   707  A04BC   XOP @A00BC, R14
04BE 00BC 
04C0 2E06   708          XOP R6, R8
04C2 2FA0   709          XOP @A00CF, R14
04C4 00D0 
04C6 2E97   710          XOP *R7, R10
04C8 2FA0   711          XOP @A0020, R14
04CA 0020 
04CC 2E44   712          XOP R4, R9
04CE 04D4   713          CLR *R4
04D0 020E   714          LI R14, >C5C4
04D2 C5C4 
04D4 0A25   715          SLA R5, 2
04D6 153C   716          JGT A0550
04D8 0A15   717          SLA R5, 1
04DA 1304   718          JEQ A04E4
04DC 0606   719          DEC R6
04DE 1138   720          JLT A0550
04E0 0647   721          DECT R7
04E2 10EC   722          JMP A04BC
04E4 0286   723  A04E4   CI R6, >000F
04E6 000F 
ASM990 2.4.6                                Mon Aug 11 04:07:31 2025 Page 0016


04E8 1333   724          JEQ A0550
04EA 0586   725          INC R6
04EC 05C7   726          INCT R7
04EE 10E6   727          JMP A04BC
04F0 04C6   728  A04F0   CLR R6
04F2 C1CD   729          MOV R13, R7
04F4 2FA0   730  A04F4   XOP @A00BC, R14
04F6 00BC 
04F8 2E06   731  A04F8   XOP R6, R8
04FA 2FA0   732          XOP @A00CF, R14
04FC 00D0 
04FE 2E97   733          XOP *R7, R10
0500 0586   734          INC R6
0502 05C7   735          INCT R7
0504 0286   736          CI R6, >0008
0506 0008 
0508 13F5   737          JEQ A04F4
050A 0286   738          CI R6, >0010
050C 0010 
050E 1320   739          JEQ A0550
0510 2FA0   740          XOP @A0020, R14
0512 0020 
0514 2FA0   741          XOP @A00D6, R14
0516 00D6 
0518 10EF   742          JMP A04F8
            743  
            744  ***************************************************************
            745  * IR (Set WP, PC and ST Registers) command.                    
            746  * No operands.                                                 
            747  ***************************************************************
            748  
051A 0206   749  A051A   LI R6,A003A                               Pointer to 'W
051C 003A 
051E 0207   750          LI R7,3                                   Set loop coun
0520 0003 
0522 0208   751          LI R8,>EC1A                               Address of R1
0524 EC1A 
0526 2FA0   752  A0526   XOP @A00F2,14                             Print <CR><LF
0528 00F2 
052A 2F96   753          XOP *R6,14                                Print 'W'.
052C 2FA0   754          XOP @A00CE+1,14                           Print '='.
052E 00CF 
0530 C118   755          MOV *R8,R4                                Get current v
0532 2E98   756          XOP *R8,10                                Print value.
0534 2FA0   757          XOP @A0020,14                             Print two spa
0536 0020 
0538 2E44   758          XOP R4,9                                  Get new value
053A 053E   759          DATA A053E                                Returns to th
053C 020E   760          DATA A020E                                Returns to th
053E C604   761  A053E   MOV R4,*R8                                Move value in
0540 0A25   762          SLA R5,2
0542 1506   763          JGT A0550
0544 0A15   764          SLA R5,1
0546 16EF   765          JNE A0526
0548 05C6   766          INCT R6                                   Increment tex
054A 05C8   767          INCT R8                                   Point to R14 
054C 0607   768          DEC R7                                    Decrement loo
054E 16EB   769          JNE A0526                                 Loop round fo
0550 0459   770  A0550   B *R9                                     Return to com
            771  
ASM990 2.4.6                                Mon Aug 11 04:07:31 2025 Page 0017


            772  ***************************************************************
            773  * DMC (Dump RAM Image) command.                                
            774  * Three operands.                                              
            775  ***************************************************************
0552 4008   776  A0552   SZC R8, R0
0554 4048   777          SZC R8, R1
0556 4088   778          SZC R8, R2
0558 8040   779          C R0, R1
055A 1202   780          JLE A0560
055C 0460   781          B @A0214
055E 0214 
0560 04C4   782  A0560   CLR R4
0562 04C3   783          CLR R3
0564 2FA0   784          XOP @A0028, R14
0566 0028 
0568 2F44   785  A0568   XOP R4, R13
056A 0284   786          CI R4, A0D00
056C 0CFE 
056E 1603   787          JNE A0576
0570 0204   788          LI R4, >2000
0572 2000 
0574 1001   789          JMP A0578
0576 2F04   790  A0576   XOP R4, R12
0578 D8C4   791  A0578   MOVB R4, @>EC0C(R3)
057A EC0C 
057C 0583   792          INC R3
057E 0283   793          CI R3, >0008
0580 0008 
0582 1304   794          JEQ A058C
0584 0284   795          CI R4, >2000
0586 2000 
0588 16EF   796          JNE A0568
058A 10F6   797          JMP A0578
058C 2FA0   798  A058C   XOP @A002D, R14
058E 002D 
0590 2F44   799          XOP R4, R13
0592 0284   800          CI R4,>5900
0594 5900 
0596 1641   801          JNE A061A
0598 04E0   802          CLR @>EC46
059A EC46 
059C 2FA0   803          XOP @>0136, R14
059E 0136 
05A0 04CA   804          CLR R10
05A2 04C5   805          CLR R5
05A4 06A0   806          BL @A061C
05A6 061C 
05A8 3000   807          LDCR R0, R0
05AA 2FA0   808          XOP @>EC0C, R14
05AC EC0C 
05AE 0203   809          LI R3, >0008
05B0 0008 
05B2 D123   810  A05B2   MOVB @>EC0B(R3), R4
05B4 EC0B 
05B6 0984   811          SRL R4, 8
05B8 A144   812          A R4, R5
05BA 0603   813          DEC R3
05BC 16FA   814          JNE A05B2
05BE C282   815          MOV R2, R10
05C0 06A0   816          BL @>061C
ASM990 2.4.6                                Mon Aug 11 04:07:31 2025 Page 0018


05C2 061C 
05C4 3100   817          LDCR R0, R4
05C6 C280   818  A05C6   MOV R0, R10
05C8 06A0   819          BL @>061C
05CA 061C 
05CC 3900   820          MPY R0, R4
05CE C290   821  A05CE   MOV *R0, R10
05D0 06A0   822          BL @A061C
05D2 061C 
05D4 4200   823          SZC R0, R8
05D6 8040   824          C R0, R1
05D8 1304   825          JEQ A05E2
05DA 05C0   826          INCT R0
05DC 0283   827          CI R3, >003C
05DE 003C 
05E0 1AF6   828          JL A05CE
05E2 0225   829  A05E2   AI R5, >0037
05E4 0037 
05E6 C285   830          MOV R5, R10
05E8 050A   831          NEG R10
05EA 06A0   832          BL @A061C
05EC 061C 
05EE 3700   833          STCR R0, R12
05F0 04C5   834          CLR R5
05F2 2FA0   835          XOP @A0128, R14
05F4 0128 
05F6 8040   836          C R0, R1
05F8 1304   837          JEQ A0602
05FA 04C3   838          CLR R3
05FC 2FA0   839          XOP @>0137, R14
05FE 0137 
0600 10E2   840          JMP A05C6
0602 2FA0   841  A0602   XOP @>012B, R14
0604 012B 
0606 0203   842          LI R3, >003C
0608 003C 
060A 2FA0   843  A060A   XOP @A0134, R14
060C 0134 
060E 0603   844          DEC R3
0610 16FC   845          JNE A060A
0612 0720   846          SETO @>EC46
0614 EC46 
0616 2FA0   847          XOP @A00F2, R14
0618 00F2 
061A 1049   848  A061A   JMP A06B0
061C C13B   849  A061C   MOV *R11+, R4
061E 2F04   850          XOP R4, R12
0620 0984   851          SRL R4, 8
0622 A144   852          A R4, R5
0624 2E8A   853          XOP R10, R10
0626 0223   854          AI R3, >0005
0628 0005 
062A 0204   855          LI R4, >0004
062C 0004 
062E 0B4A   856  A062E   SRC R10, 4
0630 C30A   857          MOV R10, R12
0632 09CC   858          SRL R12, 12
0634 A14C   859          A R12, R5
0636 A805   860          A R5, >0030
0638 0030 
ASM990 2.4.6                                Mon Aug 11 04:07:31 2025 Page 0019


063A 828C   861          C R12, >000A
063C 1A02   862          JL A0644
063E 0225   863          AI R5, >0007
0640 0007 
0642 0604   864  A0644   DEC R4
0644 16F4   865          JNE A062E
0646 045B   866          RT
            867  
            868  ***************************************************************
            869  * LMC (Tag Format Loader) command.                             
            870  * One operand.                                                 
            871  ***************************************************************
0648 2FA0   872  A064A   XOP @A002D, R14
064A 002D 
064C 2F44   873          XOP R4, R13
064E 0284   874          CI R4, >5900
0650 5900 
0652 162D   875          JNE A06B0
0654 0206   876          LI R6, >1100
0656 1100 
0658 2F06   877          XOP R6, R12
065A 04C7   878  A065C   CLR R7
065C 04C8   879  A065E   CLR R8
065E 06A0   880          BL @A0728
0660 0726 
0662 100B   881          JMP A067C
0664 D22A   882  A0666   MOVB @>070E(R10), R8
0666 070E 
0668 132D   883          JEQ A06C6
066A 06A0   884          BL @A0722
066C 0720 
066E 100E   885          JMP A068E
0670 0205   886          LI R5, >0008
0672 0008 
0674 0878   887          SRA R8, 7
0676 0468   888  A0678   B @A0678(R8)
0678 0676 
067A 0286   889  A067C   CI R6, >0047
067C 0047 
067E 1106   890          JLT A068E
0680 0286   891          CI R6, >004A
0682 004A 
0684 1516   892          JGT A06B4
0686 0226   893          AI R6, >FFC9
0688 FFC9 
068A 10EC   894          JMP A0666
068C 0286   895  A068E   CI R6, >003A
068E 003A 
0690 1610   896          JNE A06B4
0692 04CA   897          CLR R10
0694 0705   898  A0696   SETO R5
0696 020C   899          LI R12, >0080
0698 0080 
069A 1F0F   900  A069C   TB 15
069C 16FB   901          JNE A0696
069E 0605   902          DEC R5
06A0 16FC   903          JNE A069C
06A2 C28A   904          MOV R10, R10
06A4 1609   905          JNE A06BA
06A6 2FA0   906          XOP @>00F2, R14
ASM990 2.4.6                                Mon Aug 11 04:07:31 2025 Page 0020


06A8 00F2 
06AA 2FA0   907          XOP @>EC02, R14
06AC EC02 
06AE 0460   908  A06B0   B @A0142
06B0 0142 
06B2 04C0   909  A06B4   CLR R0
06B4 070A   910  A06B6   SETO R10
06B6 10EE   911          JMP A0696
06B8 C000   912  A06BA   MOV R0, R0
06BA 1302   913          JEQ A06C2
06BC 0460   914          B @A0208
06BE 0208 
06C0 0460   915  A06C2   B @A0204
06C2 0204 
06C4 2F46   916  A06C6   XOP R6, R13
06C6 9806   917          CB R6, @A00F2
06C8 00F2 
06CA 16FC   918          JNE A06C6
06CC 10C6   919          JMP A065C
06CE A280   920          A R0, R10
06D0 C24A   921          MOV R10, R9
06D2 10C4   922          JMP A065E
06D4 A280   923          A R0, R10
06D6 CE4A   924          MOV R10, *R9+
06D8 10C1   925          JMP A065E
06DA A1CA   926          A R10, R7
06DC 13BF   927          JEQ A065E
06DE 0200   928          LI R0, >0001
06E0 0001 
06E2 10E8   929          JMP A06B6
06E4 020A   930          LI R10, >EC02
06E6 EC02 
06E8 1003   931          JMP A06F2
06EA 0645   932          DECT R5
06EC 020A   933          LI R10, >EC22
06EE EC22 
06F0 2F46   934  A06F2   XOP R6, R13
06F2 DE86   935          MOVB R6, *R10+
06F4 0986   936          SRL R6, 8
06F6 A1C6   937          A R6, R7
06F8 0605   938          DEC R5
06FA 16FA   939          JNE A06F2
06FC 10AF   940          JMP A065E
06FE A280   941          A R0, R10
0700 C38A   942          MOV R10, R14
0702 10AC   943          JMP A065E
0704 024A   944          ANDI R10, >FFFE
0706 FFFE 
0708 C00A   945          MOV R10, R0
070A 10A8   946          JMP A065E
070C 3745   947          STCR R5, R13
070E 443A   948          SZC *R10+, *R0
0710 3A3A   949          MPY *R10+, R8
0712 3A32   950          MPY *R2+, R8
0714 F22D   951          SOCB @>2C30(R13), R8
0716 2C30 
0718 2F47   952          XOP R7, R13
071A 1E00   953          SBZ 0
071C 3A3A   954          MPY *R10+, R8
071E 3BF3   955          MPY *R3+, R15
ASM990 2.4.6                                Mon Aug 11 04:07:31 2025 Page 0021


0720 0205   956  A0722   LI R5, >FFFC
0722 FFFC 
0724 1001   957          JMP A072A
0726 0705   958  A0728   SETO R5
0728 04CA   959  A072A   CLR R10
072A 2F46   960  A072C   XOP R6, R13
072C 0286   961          CI R6, >2000
072E 2000 
0730 11FC   962          JLT A072C
0732 0286   963          CI R6, >5F00
0734 5F00 
0736 15F9   964          JGT A072C
            965  
            966  *If character in R6 is a hex digit, add it to R10 and return to
            967  *If character in R6 is NOT a hex digit, return to address *R11.
            968  
0738 0986   969  A073A   SRL R6,8                                  Shift charact
073A 0288   970          CI R8,>3200                               (R8 given val
073C 3200 
            971  *
073E 1301   972          JEQ A0744
0740 A1C6   973          A R6,R7                                   Add ASCII of 
0742 0286   974  A0744   CI R6,>0030                               Is character 
0744 0030 
            975  *
0746 1112   976          JLT A076E                                 Yes, return.
0748 0286   977          CI R6,>0039                               Is character 
074A 0039 
            978  *
074C 1208   979          JLE A0760                                 Yes, jump (ch
            980  
074E 0286   981          CI R6,>0041                               Is character 
0750 0041 
            982  *
0752 110C   983          JLT A076E                                 Yes, return.
0754 0286   984          CI R6,>0046                               Is character 
0756 0046 
            985  *
0758 1509   986          JGT A076E                                 Yes, return.
075A 0226   987          AI R6,>0009                               Shift ASCII '
075C 0009 
            988  *
075E 0246   989  A0760   ANDI R6,>000F                             Convert ASCII
0760 000F 
            990  *
0762 0A4A   991          SLA R10,4                                 Shift current
0764 A286   992          A R6,R10                                  Add number to
0766 0585   993          INC R5
0768 16E0   994          JNE A072C
076A 05CB   995          INCT R11                                  Bump return a
            996  
076C 045B   997  A076E   B *R11                                    Return.
            998  
            999  ***************************************************************
           1000  * FD (Find) command.                                           
           1001  * Three operands.                                              
           1002  ***************************************************************
076E 0203  1003  A0770   LI R3, >8402
0770 8402 
0772 0204  1004          LI R4, >05C0
ASM990 2.4.6                                Mon Aug 11 04:07:31 2025 Page 0022


0774 05C0 
0776 0A25  1005          SLA R5, 2
0778 1103  1006          JLT A0782
077A 4008  1007          SZC R8, R0
077C 4048  1008          SZC R8, R1
077E 1007  1009          JMP A0790
0780 0223  1010  A0782   AI R3, >1000
0782 1000 
0784 0224  1011          AI R4, >FFC0
0786 FFC0 
0788 0A82  1012          SLA R2, 8
078A 1001  1013          JMP A0790
078C 0484  1014  A078E   X R4
078E 0483  1015  A0790   X R3
0790 1603  1016          JNE A079A
0792 2FA0  1017          XOP @A00F2, R14
0794 00F2 
0796 2E80  1018          XOP R0, R10
0798 8040  1019  A079A   C R0, R1
079A 16F8  1020          JNE A078E
079C 0459  1021          B *R9
           1022  
           1023  ***************************************************************
           1024  * Hex (Hexadecimal Arithmetic) command.                        
           1025  * Two operands.                                                
           1026  ***************************************************************
079E 2FA0  1027  A07A0   XOP @>00C0, R14
07A0 00C0 
07A2 C100  1028          MOV R0, R4
07A4 A101  1029          A R1, R4
07A6 2E84  1030          XOP R4, R10
07A8 2FA0  1031          XOP @>00C9, R14
07AA 00C9 
07AC 6001  1032          S R1, R0
07AE 2E80  1033          XOP R0, R10
07B0 0459  1034          B *R9
           1035  
           1036  ***************************************************************
           1037  * TNF (Toggle ASR Flag) command.                               
           1038  * No operands.                                                 
           1039  ***************************************************************
07B2 0560  1040  A07B4   INV @>EC44
07B4 EC44 
07B6 0459  1041  A07B8   B *R9
           1042  
           1043  ***************************************************************
           1044  * XA (Line-By-Line Assembler) command, clear symbol table.     
           1045  * One operand.                                                 
           1046  ***************************************************************
           1047  
07B8 04E0  1048  A07BA   CLR @>EC4E
07BA EC4E 
07BC 04E0  1049          CLR @>EC4C
07BE EC4C 
           1050  
           1051  ***************************************************************
           1052  * XAE (Line-By-Line Assembler) command, retain symbol table.   
           1053  * One operand.                                                 
           1054  ***************************************************************
07C0 C240  1055  A07C2   MOV R0,R9
ASM990 2.4.6                                Mon Aug 11 04:07:31 2025 Page 0023


07C2 2FA0  1056  A07C4   XOP @A00F2,14
07C4 00F2 
07C6 020A  1057          LI R10,A0850
07C8 084E 
07CA 0200  1058  A07C8   LI R0,>EC52
07CC EC52 
07CE 0208  1059          LI R8, >0006
07D0 0006 
07D2 04F0  1060  A07D4   CLR *R0+
07D4 0608  1061          DEC R8
07D6 15FD  1062          JGT A07D4
07D8 2E89  1063          XOP R9, R10
07DA 2FA0  1064          XOP @A001C, R14
07DC 001C 
07DE 069A  1065          BL *R10
07E0 0284  1066          CI R4, A0020
07E2 0020 
07E4 1316  1067          JEQ A0814
07E6 0284  1068          CI R4, >002A
07E8 002A 
07EA 1605  1069          JNE A07F8
07EC 069A  1070  A07EE   BL *R10
07EE 0284  1071          CI R4, >000D
07F0 000D 
07F2 16FC  1072          JNE A07EE
07F4 10E6  1073          JMP A07C4
07F6 06A0  1074  A07F8   BL @A0BEE
07F8 0BEC 
07FA C807  1075          MOV R7, @>EC52
07FC EC52 
07FE C809  1076          MOV R9, @>EC54
0800 EC54 
0802 C107  1077          MOV R7, R4
0804 06A0  1078          BL @A0C64
0806 0C62 
0808 1321  1079          JEQ A084E
080A 9807  1080          CB R7, @>0BF3
080C 0BF3 
080E 1303  1081          JEQ A0818
0810 1004  1082          JMP A081C
0812 2FA0  1083  A0814   XOP @A0021, R14
0814 0022 
0816 2FA0  1084  A0818   XOP @A0021, R14
0818 0022 
081A 0207  1085  A081C   LI R7, >0CE3
081C 0CE3 
081E 04C5  1086          CLR R5
0820 04C6  1087          CLR R6
0822 069A  1088  A0824   BL *R10
0824 06A0  1089          BL @A0C34
0826 0C32 
0828 1643  1090          JNE A08B2
082A 0AB4  1091          SLA R4, 11
082C 0587  1092  A082E   INC R7
082E D017  1093          MOVB *R7, R0
0830 1102  1094          JLT A0838
0832 1372  1095          JEQ A091A
0834 05C6  1096          INCT R6
0836 0A10  1097  A0838   SLA R0, 1
0838 09E0  1098          SRL R0, 14
ASM990 2.4.6                                Mon Aug 11 04:07:31 2025 Page 0024


083A 8005  1099          C R5, R0
083C 11F7  1100          JLT A082E
083E 156C  1101          JGT A091A
0840 D017  1102          MOVB *R7, R0
0842 0A30  1103          SLA R0, 3
0844 9100  1104          CB R0, R4
0846 16F2  1105          JNE A082E
0848 0585  1106          INC R5
084A 10EB  1107          JMP A0824
084C 1065  1108  A084E   JMP A091A
084E 2F44  1109  A0850   XOP R4, R13
0850 0284  1110          CI R4, >1B00
0852 1B00 
0854 13B6  1111          JEQ A07C4
0856 0284  1112          CI R4, >2000
0858 2000 
085A 1A01  1113          JL A0860
085C 2F04  1114          XOP R4, R12
085E 0984  1115  A0860   SRL R4, 8
0860 C804  1116          MOV R4, @>EC60
0862 EC60 
0864 045B  1117          RT
0866 069A  1118  A0868   BL *R10
0868 0284  1119          CI R4, >0027
086A 0027 
086C 1655  1120          JNE A091A
086E C1C9  1121          MOV R9, R7
0870 75D7  1122  A0872   SB *R7, *R7
0872 0588  1123          INC R8
0874 069A  1124          BL *R10
0876 0284  1125          CI R4, >0027
0878 0027 
087A 1358  1126          JEQ A092E
087C 06C4  1127          SWPB R4
087E DDC4  1128          MOVB R4, *R7+
0880 10F7  1129          JMP A0872
0882 06A0  1130  A0884   BL @A0B14
0884 0B12 
0886 C806  1131          MOV R6, @>EC54
0888 EC54 
088A 1064  1132          JMP A0956
088C 070E  1133          SETO R14
088E C006  1134          MOV R6, R0
0890 06A0  1135          BL @A0B14
0892 0B12 
0894 C809  1136          MOV R9, @>EC54
0896 EC54 
0898 0280  1137          CI R0, >0014
089A 0014 
089C 1605  1138          JNE A08AA
089E A189  1139          A R9, R6
08A0 1303  1140          JEQ A08AA
08A2 0586  1141          INC R6
08A4 8246  1142          C R6, R9
08A6 1A38  1143          JL A091A
08A8 C246  1144  A08AA   MOV R6, R9
08AA 0249  1145          ANDI R9, >FFFE
08AC FFFE 
08AE 1052  1146          JMP A0956
08B0 C145  1147  A08B2   MOV R5, R5
ASM990 2.4.6                                Mon Aug 11 04:07:31 2025 Page 0025


08B2 13AF  1148          JEQ A0814
08B4 D017  1149          MOVB *R7, R0
08B6 1130  1150          JLT A091A
08B8 070E  1151          SETO R14
08BA 0286  1152          CI R6, >0032
08BC 0032 
08BE 13E1  1153          JEQ A0884
08C0 0286  1154          CI R6, >009A
08C2 009A 
08C4 13D0  1155          JEQ A0868
08C6 C026  1156          MOV @A0D76(R6), R0
08C8 0D74 
08CA C040  1157          MOV R0, R1
08CC 0241  1158          ANDI R1, >FFF0
08CE FFF0 
08D0 1302  1159          JEQ A08D8
08D2 C641  1160          MOV R1, *R9
08D4 05C8  1161          INCT R8
08D6 C040  1162  A08D8   MOV R0, R1
08D8 0241  1163          ANDI R1, >000F
08DA 000F 
08DC D021  1164          MOVB @A0CD6(R1), R0
08DE 0CD4 
08E0 06C0  1165          SWPB R0
08E2 0260  1166          ORI R0, >FFE0
08E4 FFE0 
08E6 C040  1167          MOV R0, R1
08E8 0921  1168          SRL R1, 2
08EA 0241  1169          ANDI R1, >0006
08EC 0006 
08EE C061  1170          MOV @A0CC6(R1), R1
08F0 0CC4 
08F2 1307  1171          JEQ A0904
08F4 0284  1172          CI R4, >0020
08F6 0020 
08F8 160F  1173          JNE A091A
08FA 04CE  1174          CLR R14
08FC 020F  1175          LI R15, A0904
08FE 0902 
0900 0691  1176          BL *R1
0902 C040  1177  A0904   MOV R0, R1
0904 0AD1  1178          SLA R1, 13
0906 09C1  1179          SRL R1, 12
0908 C061  1180          MOV @>0CC6(R1), R1
090A 0CC6 
090C 1309  1181          JEQ A0922
090E 04C0  1182          CLR R0
0910 04CE  1183          CLR R14
0912 020F  1184          LI R15, A0922
0914 0920 
0916 0691  1185          BL *R1
0918 2FA0  1186  A091A   XOP @>00D1, R14
091A 00D1 
091C 0460  1187          B @A07C4
091E 07C2 
0920 0284  1188  A0922   CI R4, >000D
0922 000D 
0924 1307  1189          JEQ A0936
0926 0284  1190          CI R4, >0020
0928 0020 
ASM990 2.4.6                                Mon Aug 11 04:07:31 2025 Page 0026


092A 16F6  1191          JNE A091A
092C 069A  1192  A092E   BL *R10
092E 0284  1193          CI R4, >000D
0930 000D 
0932 16FC  1194          JNE A092E
0934 0280  1195  A0936   CI R0, >0030
0936 0030 
0938 135C  1196          JEQ A09F4
093A 2F20  1197          XOP @>00F2, R12
093C 00F2 
093E 2E89  1198  A0940   XOP R9, R10
0940 C089  1199          MOV R9, R2
0942 06A0  1200          BL @A0C86
0944 0C84 
0946 0204  1201          LI R4, >2052
0948 2052 
094A C0C3  1202          MOV R3, R3
094C 1301  1203          JEQ A0952
094E 06C4  1204          SWPB R4
0950 2F04  1205  A0952   XOP R4, R12
0952 2EB9  1206          XOP *R9+, R10
0954 2FA0  1207  A0956   XOP @A00F2, R14
0956 00F2 
0958 0648  1208          DECT R8
095A 15F1  1209          JGT A0940
095C 0200  1210          LI R0, >EC56
095E EC56 
0960 06A0  1211          BL @A0C9A
0962 0C98 
0964 06A0  1212          BL @A0C9A
0966 0C98 
0968 C120  1213          MOV @>EC52, R4
096A EC52 
096C 1331  1214          JEQ A09D2
096E 0224  1215          AI R4, >8000
0970 8000 
0972 06A0  1216          BL @A0C64
0974 0C62 
0976 1608  1217          JNE A098A
0978 06A0  1218  A097A   BL @A09D6
097A 09D4 
097C C390  1219  A097E   MOV *R0, R14
097E C403  1220          MOV R3, *R0
0980 06A0  1221          BL @A09E6
0982 09E4 
0984 C00E  1222          MOV R14, R0
0986 16FA  1223          JNE A097E
0988 0224  1224  A098A   AI R4, >8080
098A 8080 
098C 06A0  1225          BL @A0C64
098E 0C62 
0990 161A  1226          JNE A09C8
0992 06A0  1227          BL @A09D6
0994 09D4 
0996 04CE  1228  A0998   CLR R14
0998 0580  1229  A099A   INC R0
099A D390  1230          MOVB *R0, R14
099C C083  1231          MOV R3, R2
099E 6080  1232          S R0, R2
09A0 0602  1233          DEC R2
ASM990 2.4.6                                Mon Aug 11 04:07:31 2025 Page 0027


09A2 0A72  1234          SLA R2, 7
09A4 1907  1235          JNO A09B6
09A6 0600  1236          DEC R0
09A8 2E80  1237          XOP R0, R10
09AA 2FA0  1238          XOP @>00D1, R14
09AC 00D1 
09AE 2FA0  1239          XOP @A00F2, R14
09B0 00F2 
09B2 1004  1240          JMP A09BE
09B4 D402  1241  A09B6   MOVB R2, *R0
09B6 0600  1242          DEC R0
09B8 06A0  1243          BL @A09E6
09BA 09E4 
09BC 087E  1244  A09BE   SRA R14, 7
09BE 05CE  1245          INCT R14
09C0 1302  1246          JEQ A09C8
09C2 A00E  1247          A R14, R0
09C4 10E8  1248          JMP A0998
09C6 0200  1249  A09C8   LI R0, >EC52
09C8 EC52 
09CA 04C4  1250          CLR R4
09CC 06A0  1251          BL @A0C9C
09CE 0C9A 
09D0 0460  1252  A09D2   B @A07C8
09D2 07CA 
09D4 C012  1253  A09D6   MOV *R2, R0
09D6 04E2  1254          CLR @>FFFE(R2)
09D8 FFFE 
09DA 0620  1255          DEC @>EC4C
09DC EC4C 
09DE C0E0  1256          MOV @>EC54, R3
09E0 EC54 
09E2 045B  1257          RT
09E4 2E80  1258  A09E6   XOP R0, R10
09E6 2F20  1259          XOP @>0A05, R12
09E8 0A05 
09EA 2E90  1260          XOP *R0, R10
09EC 2FA0  1261          XOP @A00F2, R14
09EE 00F2 
09F0 045B  1262          RT
09F2 2FA0  1263  A09F4   XOP @>001F, R14
09F4 001F 
09F6 2EA0  1264          XOP @>EC4C, R10
09F8 EC4C 
09FA 0460  1265          B @A0142
09FC 0142 
09FE 069A  1266          BL *R10
0A00 0284  1267          CI R4, >002A
0A02 002A 
0A04 131A  1268          JEQ A0A3C
0A06 0284  1269          CI R4, >0040
0A08 0040 
0A0A 1622  1270          JNE A0A52
0A0C 06A0  1271          BL @A0B14
0A0E 0B12 
0A10 C088  1272          MOV R8, R2
0A12 A089  1273          A R9, R2
0A14 C486  1274          MOV R6, *R2
0A16 05C8  1275          INCT R8
0A18 0206  1276          LI R6, >0020
ASM990 2.4.6                                Mon Aug 11 04:07:31 2025 Page 0028


0A1A 0020 
0A1C 0284  1277          CI R4, >0028
0A1E 0028 
0A20 1608  1278          JNE A0A34
0A22 06A0  1279          BL @A0AD0
0A24 0ACE 
0A26 0266  1280          ORI R6, >0020
0A28 0020 
0A2A 0284  1281          CI R4, >0029
0A2C 0029 
0A2E 1649  1282          JNE A0AC4
0A30 069A  1283          BL *R10
0A32 C000  1284  A0A34   MOV R0, R0
0A34 1601  1285          JNE A0A3A
0A36 0A66  1286          SLA R6, 6
0A38 1040  1287  A0A3A   JMP A0ABC
0A3A 06A0  1288  A0A3C   BL @A0AD0
0A3C 0ACE 
0A3E 0266  1289          ORI R6, >0010
0A40 0010 
0A42 0284  1290          CI R4, >002B
0A44 002B 
0A46 1603  1291          JNE A0A50
0A48 069A  1292          BL *R10
0A4A 0266  1293          ORI R6, >0030
0A4C 0030 
0A4E 10F1  1294  A0A50   JMP A0A34
0A50 020E  1295  A0A52   LI R14, A0A34
0A52 0A32 
0A54 C80E  1296          MOV R14, @>EC5E
0A56 EC5E 
0A58 0460  1297          B @A0AD6
0A5A 0AD4 
0A5C 06A0  1298          BL @A0AD0
0A5E 0ACE 
0A60 0A46  1299          SLA R6, 4
0A62 102B  1300          JMP A0ABC
0A64 C006  1301          MOV R6, R0
0A66 0280  1302          CI R0, >0030
0A68 0030 
0A6A 1604  1303          JNE A0A76
0A6C 0284  1304          CI R4, >000D
0A6E 000D 
0A70 1312  1305          JEQ A0A98
0A72 070E  1306          SETO R14
0A74 06A0  1307  A0A76   BL @A0B14
0A76 0B12 
0A78 0280  1308          CI R0, >0030
0A7A 0030 
0A7C 130B  1309          JEQ A0A96
0A7E C089  1310          MOV R9, R2
0A80 A088  1311          A R8, R2
0A82 C486  1312          MOV R6, *R2
0A84 05C8  1313          INCT R8
0A86 0280  1314          CI R0, >0026
0A88 0026 
0A8A 1605  1315          JNE A0A98
0A8C 070E  1316          SETO R14
0A8E 0284  1317          CI R4, >002C
0A90 002C 
ASM990 2.4.6                                Mon Aug 11 04:07:31 2025 Page 0029


0A92 13F0  1318          JEQ A0A76
0A94 C386  1319  A0A96   MOV R6, R14
0A96 045F  1320  A0A98   B *R15
0A98 06A0  1321          BL @A0AD0
0A9A 0ACE 
0A9C 10CA  1322          JMP A0A34
0A9E 06A0  1323          BL @A0B14
0AA0 0B12 
0AA2 C089  1324          MOV R9, R2
0AA4 05C2  1325          INCT R2
0AA6 6182  1326          S R2, R6
0AA8 0816  1327          SRA R6, 1
0AAA 0286  1328  A0AAC   CI R6, >007F
0AAC 007F 
0AAE 1507  1329          JGT A0AC0
0AB0 0286  1330          CI R6, >FF80
0AB2 FF80 
0AB4 1104  1331          JLT A0AC0
0AB6 0246  1332          ANDI R6, >00FF
0AB8 00FF 
0ABA E646  1333  A0ABC   SOC R6, *R9
0ABC 045F  1334          B *R15
0ABE 2FA0  1335  A0AC0   XOP @>00D6, R14
0AC0 00D6 
0AC2 0460  1336  A0AC4   B @A091A
0AC4 0918 
0AC6 070E  1337          SETO R14
0AC8 06A0  1338          BL @A0B14
0ACA 0B12 
0ACC 10EE  1339          JMP A0AAC
0ACE C80B  1340  A0AD0   MOV R11, @>EC5E
0AD0 EC5E 
0AD2 069A  1341          BL *R10
0AD4 020C  1342  A0AD6   LI R12, A0B04
0AD6 0B02 
0AD8 0284  1343          CI R4, >0052
0ADA 0052 
0ADC 130C  1344          JEQ A0AF8
0ADE 0284  1345          CI R4, >003A
0AE0 003A 
0AE2 110A  1346          JLT A0AFA
0AE4 0284  1347          CI R4, >003E
0AE6 003E 
0AE8 1309  1348          JEQ A0AFE
0AEA 020E  1349          LI R14, >FFFE
0AEC FFFE 
0AEE 020D  1350          LI R13, A0B04
0AF0 0B02 
0AF2 0460  1351          B @A0B18
0AF4 0B16 
0AF6 069A  1352  A0AF8   BL *R10
0AF8 0460  1353  A0AFA   B @A0C2A
0AFA 0C28 
0AFC 069A  1354  A0AFE   BL *R10
0AFE 0460  1355          B @A0C0C
0B00 0C0A 
0B02 C145  1356  A0B04   MOV R5, R5
0B04 11DE  1357  A0B06   JLT A0AC4
0B06 0286  1358          CI R6, >0010
0B08 0010 
ASM990 2.4.6                                Mon Aug 11 04:07:31 2025 Page 0030


0B0A 14DB  1359          JHE A0AC4
0B0C C2E0  1360          MOV @>EC5E, R11
0B0E EC5E 
0B10 045B  1361          RT
0B12 C34B  1362  A0B14   MOV R11, R13
0B14 069A  1363          BL *R10
0B16 04E0  1364  A0B18   CLR @>EC50
0B18 EC50 
0B1A 0284  1365          CI R4, >0027
0B1C 0027 
0B1E 1307  1366          JEQ A0B30
0B20 0284  1367  A0B22   CI R4, >002D
0B22 002D 
0B24 1610  1368          JNE A0B48
0B26 054D  1369          INV R13
0B28 05CE  1370  A0B2A   INCT R14
0B2A 069A  1371          BL *R10
0B2C 1011  1372          JMP A0B52
0B2E 04C6  1373  A0B30   CLR R6
0B30 04CE  1374          CLR R14
0B32 069A  1375  A0B34   BL *R10
0B34 0284  1376          CI R4, >0027
0B36 0027 
0B38 1304  1377          JEQ A0B44
0B3A 06C6  1378          SWPB R6
0B3C D106  1379          MOVB R6, R4
0B3E C184  1380          MOV R4, R6
0B40 10F8  1381          JMP A0B34
0B42 069A  1382  A0B44   BL *R10
0B44 1043  1383          JMP A0BCE
0B46 0284  1384  A0B48   CI R4, >002B
0B48 002B 
0B4A 13EE  1385          JEQ A0B2A
0B4C C38E  1386          MOV R14, R14
0B4E 154B  1387          JGT A0BE8
0B50 0284  1388  A0B52   CI R4, >0024
0B52 0024 
0B54 1603  1389          JNE A0B5E
0B56 C189  1390          MOV R9, R6
0B58 069A  1391  A0B5A   BL *R10
0B5A 1037  1392          JMP A0BCC
0B5C 0284  1393  A0B5E   CI R4, >003E
0B5E 003E 
0B60 1604  1394          JNE A0B6C
0B62 069A  1395          BL *R10
0B64 06A0  1396          BL @A0C0A
0B66 0C08 
0B68 1030  1397          JMP A0BCC
0B6A 06A0  1398  A0B6C   BL @A0C34
0B6C 0C32 
0B6E 11A9  1399          JLT A0AC4
0B70 1325  1400          JEQ A0BBE
0B72 06A0  1401          BL @A0C28
0B74 0C26 
0B76 1029  1402          JMP A0BCC
0B78 C38E  1403  A0B7A   MOV R14, R14
0B7A 16A3  1404          JNE A0AC4
0B7C C059  1405          MOV *R9, R1
0B7E 04C2  1406          CLR R2
0B80 06A0  1407          BL @A0C86
ASM990 2.4.6                                Mon Aug 11 04:07:31 2025 Page 0031


0B82 0C84 
0B84 C4C9  1408          MOV R9, *R3
0B86 0241  1409          ANDI R1, >F000
0B88 F000 
0B8A 0281  1410          CI R1, >1000
0B8C 1000 
0B8E 1611  1411          JNE A0BB4
0B90 0264  1412          ORI R4, >0080
0B92 0080 
0B94 C189  1413          MOV R9, R6
0B96 0643  1414  A0B98   DECT R3
0B98 C4C4  1415          MOV R4, *R3
0B9A 8820  1416          C @>EC56, @>EC5A
0B9C EC56 
0B9E EC5A 
0BA0 1603  1417          JNE A0BAA
0BA2 C1A0  1418          MOV @>EC58, R6
0BA4 EC58 
0BA6 1012  1419          JMP A0BCE
0BA8 06A0  1420  A0BAA   BL @>0C64
0BAA 0C64 
0BAC 1601  1421          JNE A0BB2
0BAE C192  1422          MOV *R2, R6
0BB0 100D  1423  A0BB2   JMP A0BCE
0BB2 A4C8  1424  A0BB4   A R8, *R3
0BB4 0264  1425          ORI R4, >8000
0BB6 8000 
0BB8 04C6  1426          CLR R6
0BBA 10ED  1427          JMP A0B98
0BBC 06A0  1428  A0BBE   BL @A0BEE
0BBE 0BEC 
0BC0 C107  1429          MOV R7, R4
0BC2 06A0  1430          BL @A0C64
0BC4 0C62 
0BC6 16D8  1431          JNE A0B7A
0BC8 C192  1432          MOV *R2, R6
0BCA 05CE  1433  A0BCC   INCT R14
0BCC C120  1434  A0BCE   MOV @>EC60, R4
0BCE EC60 
0BD0 C34D  1435          MOV R13, R13
0BD2 1502  1436          JGT A0BDA
0BD4 0506  1437          NEG R6
0BD6 054D  1438          INV R13
0BD8 C145  1439  A0BDA   MOV R5, R5
0BDA 1194  1440          JLT A0B06
0BDC C38E  1441          MOV R14, R14
0BDE 1305  1442          JEQ A0BEC
0BE0 A806  1443          A R6, @>EC50
0BE2 EC50 
0BE4 109D  1444          JMP A0B22
0BE6 C1A0  1445  A0BE8   MOV @>EC50, R6
0BE8 EC50 
0BEA 045D  1446  A0BEC   B *R13
0BEC C30B  1447  A0BEE   MOV R11, R12
0BEE 0207  1448          LI R7, >0031
0BF0 0031 
0BF2 06A0  1449  A0BF4   BL @A0C34
0BF4 0C32 
0BF6 111C  1450          JLT A0C32
0BF8 1303  1451          JEQ A0C02
ASM990 2.4.6                                Mon Aug 11 04:07:31 2025 Page 0032


0BFA 0A87  1452          SLA R7, 8
0BFC 1919  1453          JNO A0C32
0BFE 1001  1454          JMP A0C04
0C00 0A87  1455  A0C02   SLA R7, 8
0C02 A1C4  1456  A0C04   A R4, R7
0C04 069A  1457          BL *R10
0C06 10F5  1458          JMP A0BF4
0C08 C30B  1459  A0C0A   MOV R11, R12
0C0A 0202  1460  A0C0C   LI R2, >0010
0C0C 0010 
0C0E 04C6  1461  A0C10   CLR R6
0C10 0705  1462          SETO R5
0C12 06A0  1463  A0C14   BL @A0C34
0C14 0C32 
0C16 110C  1464          JLT A0C32
0C18 8083  1465          C R3, R2
0C1A 1409  1466          JHE A0C30
0C1C C146  1467          MOV R6, R5
0C1E 3942  1468          MPY R2, R5
0C20 A183  1469          A R3, R6
0C22 069A  1470          BL *R10
0C24 10F6  1471          JMP A0C14
0C26 C30B  1472  A0C28   MOV R11, R12
0C28 0202  1473  A0C2A   LI R2, >000A
0C2A 000A 
0C2C 10F0  1474          JMP A0C10
0C2E 0705  1475  A0C30   SETO R5
0C30 045C  1476  A0C32   B *R12
0C32 0701  1477  A0C34   SETO R1
0C34 C0C4  1478          MOV R4, R3
0C36 0284  1479          CI R4, >0024
0C38 0024 
0C3A 1306  1480          JEQ A0C4A
0C3C 0223  1481          AI R3, >FFD0
0C3E FFD0 
0C40 170E  1482          JNC A0C60
0C42 0283  1483          CI R3, >0009
0C44 0009 
0C46 1502  1484          JGT A0C4E
0C48 0501  1485  A0C4A   NEG R1
0C4A 045B  1486          RT
0C4C 0223  1487  A0C4E   AI R3, >FFF9
0C4E FFF9 
0C50 0283  1488          CI R3, >000A
0C52 000A 
0C54 1A04  1489          JL A0C60
0C56 0283  1490          CI R3, >0023
0C58 0023 
0C5A 1B01  1491          JH A0C60
0C5C 04C1  1492          CLR R1
0C5E C041  1493  A0C60   MOV R1, R1
0C60 045B  1494          RT
0C62 0703  1495  A0C64   SETO R3
0C64 C060  1496          MOV @>EC4E, R1
0C66 EC4E 
0C68 130B  1497          JEQ A0C82
0C6A 0A21  1498          SLA R1, 2
0C6C 0202  1499          LI R2, >EC62
0C6E EC62 
0C70 A042  1500          A R2, R1
ASM990 2.4.6                                Mon Aug 11 04:07:31 2025 Page 0033


0C72 04C3  1501          CLR R3
0C74 05C2  1502  A0C76   INCT R2
0C76 8C84  1503          C R4, *R2+
0C78 1303  1504          JEQ A0C82
0C7A 8042  1505          C R2, R1
0C7C 1AFB  1506          JL A0C76
0C7E 0583  1507          INC R3
0C80 C0C3  1508  A0C82   MOV R3, R3
0C82 045B  1509          RT
0C84 0203  1510  A0C86   LI R3, >EC58
0C86 EC58 
0C88 84C2  1511          C R2, *R3
0C8A 1305  1512          JEQ A0C98
0C8C 0203  1513          LI R3, >EC5C
0C8E EC5C 
0C90 84C2  1514          C R2, *R3
0C92 1301  1515          JEQ A0C98
0C94 04C3  1516          CLR R3
0C96 045B  1517  A0C98   RT
0C98 C110  1518  A0C9A   MOV *R0, R4
0C9A C30B  1519  A0C9C   MOV R11, R12
0C9C 06A0  1520  A0C9E   BL @A0C64
0C9E 0C62 
0CA0 130D  1521          JEQ A0CBE
0CA2 C104  1522          MOV R4, R4
0CA4 1304  1523          JEQ A0CB0
0CA6 04C4  1524          CLR R4
0CA8 05A0  1525          INC @>EC4C
0CAA EC4C 
0CAC 10F7  1526          JMP A0C9E
0CAE 05A0  1527  A0CB0   INC @>EC4E
0CB0 EC4E 
0CB2 C0A0  1528          MOV @>EC4E, R2
0CB4 EC4E 
0CB6 0A22  1529          SLA R2, 2
0CB8 0222  1530          AI R2, >EC62
0CBA EC62 
0CBC 0642  1531  A0CBE   DECT R2
0CBE CCB0  1532          MOV *R0+, *R2+
0CC0 C4B0  1533          MOV *R0+, *R2
0CC2 045C  1534          B *R12
0CC4 0000  1536  A0CC6   DATA >0000
0CC6 0A00  1537          DATA >0A00
0CC8 0A9A  1538          DATA >0A9A
0CCA 0A66  1539          DATA >0A66
0CCC 0A5E  1540          DATA >0A5E
0CCE 0AA0  1541          DATA >0AA0
0CD0 0AC8  1542          DATA >0AC8
0CD2 088E  1543          DATA >088E
0CD4 0905  1544  A0CD6   DATA >0905
0CD6 0A0A  1545          DATA >0A0A
0CD8 1408  1546          DATA >1408
0CDA 0013  1547          DATA >0013
0CDC 0A06  1548          DATA >0A06
0CDE 0310  1549          DATA >0310
0CE0 0307  1550          DATA >0307
0CE2 0122  1551          DATA >0122
0CE4 5329  1552          DATA >5329
0CE6 AEC4  1553          DATA >AEC4
0CE8 69AF  1554          DATA >69AF
ASM990 2.4.6                                Mon Aug 11 04:07:31 2025 Page 0034


0CEA D267  1555          DATA >D267
0CEC 022C  1556          DATA >022C
0CEE D770  1557          DATA >D770
0CF0 B353  1558          DATA >B353
0CF2 0322  1559          DATA >0322
0CF4 29AB  1560          DATA >29AB
0CF6 CF6E  1561          DATA >CF6E
0CF8 66AC  1562          DATA >66AC
0CFA 52AF  1563          DATA >52AF
0CFC 43BA  1564          DATA >43BA
0CFE 4384  1565  A0D00   DATA >4384
0D00 A1D4  1566          DATA >A1D4
0D02 61A5  1567          DATA >61A5
0D04 4374  1568          DATA >4374
0D06 A956  1569          DATA >A956
0D08 7385  1570          DATA >7385
0D0A AE44  1571          DATA >AE44
0D0C B155  1572          DATA >B155
0D0E 89A4  1573          DATA >89A4
0D10 CC65  1574          DATA >CC65
0D12 AE43  1575          DATA >AE43
0D14 7456  1576          DATA >7456
0D16 8AA5  1577          DATA >8AA5
0D18 51A7  1578          DATA >51A7
0D1A 5428  1579          DATA >5428
0D1C 452C  1580          DATA >452C
0D1E 4554  1581          DATA >4554
0D20 AD50  1582          DATA >AD50
0D22 AE43  1583          DATA >AE43
0D24 454F  1584          DATA >454F
0D26 AF43  1585          DATA >AF43
0D28 508C  1586          DATA >508C
0D2A A4C3  1587          DATA >A4C3
0D2C 7229  1588          DATA >7229
0D2E CD69  1589          DATA >CD69
0D30 B2C5  1590          DATA >B2C5
0D32 78B3  1591          DATA >78B3
0D34 54B7  1592          DATA >54B7
0D36 5069  1593          DATA >5069
0D38 8DAF  1594          DATA >8DAF
0D3A 5662  1595          DATA >5662
0D3C B059  1596          DATA >B059
0D3E 738E  1597          DATA >738E
0D40 A547  1598          DATA >A547
0D42 AF50  1599          DATA >AF50
0D44 8FB2  1600          DATA >8FB2
0D46 4992  1601          DATA >4992
0D48 B3C5  1602          DATA >B3C5
0D4A 74B4  1603          DATA >74B4
0D4C D770  1604          DATA >D770
0D4E 1322  1605          DATA >1322
0D50 4F5A  1606          DATA >4F5A
0D52 A5D4  1607          DATA >A5D4
0D54 6FAC  1608          DATA >6FAC
0D56 41AF  1609          DATA >41AF
0D58 4362  1610          DATA >4362
0D5A B241  1611          DATA >B241
0D5C 434C  1612          DATA >434C
0D5E B4C3  1613          DATA >B4C3
0D60 72D3  1614          DATA >72D3
ASM990 2.4.6                                Mon Aug 11 04:07:31 2025 Page 0035


0D62 74D7  1615          DATA >74D7
0D64 70B7  1616          DATA >70B7
0D66 D062  1617          DATA >D062
0D68 BA43  1618          DATA >BA43
0D6A 6294  1619          DATA >6294
0D6C 22A5  1620          DATA >22A5
0D6E D874  1621          DATA >D874
0D70 18AF  1622          DATA >18AF
0D72 5052  1623          DATA >5052
0D74 0000  1624  A0D76   DATA >0000
0D76 A000  1625          DATA >A000
0D78 B000  1626          DATA >B000
0D7A 0745  1627          DATA >0745
0D7C 0227  1628          DATA >0227
0D7E 0247  1629          DATA >0247
0D80 000D  1630          DATA >000D
0D82 0445  1631          DATA >0445
0D84 0685  1632          DATA >0685
0D86 0405  1633          DATA >0405
0D88 000D  1634          DATA >000D
0D8A 8000  1635          DATA >8000
0D8C 9000  1636          DATA >9000
0D8E 0287  1637          DATA >0287
0D90 03A6  1638          DATA >03A6
0D92 03C6  1639          DATA >03C6
0D94 04C5  1640          DATA >04C5
0D96 2002  1641          DATA >2002
0D98 2402  1642          DATA >2402
0D9A 000A  1643          DATA >000A
0D9C 0605  1644          DATA >0605
0D9E 0645  1645          DATA >0645
0DA0 3C08  1646          DATA >3C08
0DA2 0185  1647          DATA >0185
0DA4 000C  1648          DATA >000C
0DA6 0006  1649          DATA >0006
0DA8 0346  1650          DATA >0346
0DAA 0585  1651          DATA >0585
0DAC 05C5  1652          DATA >05C5
0DAE 0545  1653          DATA >0545
0DB0 1301  1654          DATA >1301
0DB2 1501  1655          DATA >1501
0DB4 1B01  1656          DATA >1B01
0DB6 1401  1657          DATA >1401
0DB8 1A01  1658          DATA >1A01
0DBA 1201  1659          DATA >1201
0DBC 1101  1660          DATA >1101
0DBE 1001  1661          DATA >1001
0DC0 1701  1662          DATA >1701
0DC2 1601  1663          DATA >1601
0DC4 1901  1664          DATA >1901
0DC6 1801  1665          DATA >1801
0DC8 1C01  1666          DATA >1C01
0DCA 3003  1667          DATA >3003
0DCC 0207  1668          DATA >0207
0DCE 030A  1669          DATA >030A
0DD0 03E6  1670          DATA >03E6
0DD2 008B  1671          DATA >008B
0DD4 009B  1672          DATA >009B
0DD6 02EA  1673          DATA >02EA
0DD8 C000  1674          DATA >C000
ASM990 2.4.6                                Mon Aug 11 04:07:31 2025 Page 0036


0DDA D000  1675          DATA >D000
0DDC 3808  1676          DATA >3808
0DDE 01C5  1677          DATA >01C5
0DE0 0505  1678          DATA >0505
0DE2 1006  1679          DATA >1006
0DE4 0267  1680          DATA >0267
0DE6 0366  1681          DATA >0366
0DE8 0386  1682          DATA >0386
0DEA 6000  1683          DATA >6000
0DEC 7000  1684          DATA >7000
0DEE 1D09  1685          DATA >1D09
0DF0 1E09  1686          DATA >1E09
0DF2 0705  1687          DATA >0705
0DF4 0A04  1688          DATA >0A04
0DF6 E000  1689          DATA >E000
0DF8 F000  1690          DATA >F000
0DFA 0804  1691          DATA >0804
0DFC 0B04  1692          DATA >0B04
0DFE 0904  1693          DATA >0904
0E00 3403  1694          DATA >3403
0E02 02CB  1695          DATA >02CB
0E04 02AB  1696          DATA >02AB
0E06 06C5  1697          DATA >06C5
0E08 4000  1698          DATA >4000
0E0A 5000  1699          DATA >5000
0E0C 1F09  1700          DATA >1F09
0E0E 0006  1701          DATA >0006
0E10 0485  1702          DATA >0485
0E12 2C08  1703          DATA >2C08
0E14 2802  1704          DATA >2802
0E16 0000  1705          DATA >0000
           1706  
           1707  ***************************************************************
           1708  * XCL (Terminal Mode???????) command.                          
           1709  * No operands.                                                 
           1710  ***************************************************************
           1711  
0E18 02E0  1712  A0E1A   LWPI >EC00                                Initialise wo
0E1A EC00 
           1713  
0E1C 0203  1714          LI R3,>EC4C
0E1E EC4C 
           1715  
0E20 0205  1716          LI R5,>ED00                               Some sort of 
0E22 ED00 
           1717  
0E24 0206  1718          LI R6,>EFFE
0E26 EFFE 
           1719  
0E28 CCC5  1720          MOV R5,*R3+
0E2A CCC6  1721          MOV R6,*R3+
0E2C CCC5  1722          MOV R5,*R3+
0E2E 04C5  1723          CLR R5
0E30 04D3  1724          CLR *R3
0E32 0209  1725          LI R9,>EC2E                               TMS9902 seria
0E34 EC2E 
           1726  
0E36 C820  1727          MOV @>EC44,@>EC54                         Save state of
0E38 EC44 
0E3A EC54 
ASM990 2.4.6                                Mon Aug 11 04:07:31 2025 Page 0037


0E3C 020C  1728          LI R12,>0400                              Address 2nd R
0E3E 0400 
           1729  
0E40 1D1F  1730          SBO 31                                    Reset TMS9902
0E42 3220  1731          LDCR @A013B,8                             Initialise TM
0E44 013B 
           1732  
0E46 1E0D  1733          SBZ 13                                    Do not inital
0E48 3320  1734          LDCR @A0094+2,12                          Set to 1200 B
0E4A 0096 
           1735  
0E4C 1D10  1736          SBO 16                                    Set /RTS acti
0E4E 020C  1737          LI R12,>0000                              Address 1st R
0E50 0000 
           1738  
0E52 1D0E  1739          SBO 14                                    Set to load c
0E54 3220  1740          LDCR @A013B,8                             Set 1st RS-23
0E56 013B 
           1741  
0E58 04C1  1742          CLR R1
0E5A 04C2  1743          CLR R2
0E5C C660  1744          MOV @A013E,*R9                            1st TMS9902 C
0E5E 013E 
           1745  
0E60 2FA0  1746          XOP @A00E3,14                             Print "TERMIN
0E62 00E3 
           1747  
0E64 05E0  1748          INCT @>EC44                               ASR flag.
0E66 EC44 
           1749  
0E68 020C  1750  A0E6A   LI R12,>0000                              Address 1st R
0E6A 0000 
           1751  
0E6C 1F15  1752          TB 21                                     Character rec
0E6E 1334  1753          JEQ A0EDA                                 Yes, jump.
0E70 020C  1754          LI R12,>0400                              No, address 2
0E72 0400 
           1755  
0E74 1F15  1756          TB 21                                     Character rec
0E76 1303  1757          JEQ A0E80                                 Yes, jump.
0E78 C041  1758          MOV R1,R1
0E7A 162C  1759          JNE A0ED6
0E7C 10F5  1760          JMP A0E6A                                 Loop round an
           1761  
           1762  *Character received on 2nd RS-232 port.
           1763  
0E7E C660  1764  A0E80   MOV @A0140,*R9                            2nd TMS9902 C
0E80 0140 
           1765  
0E82 C082  1766          MOV R2,R2                                 (R2 set to FF
0E84 1625  1767          JNE A0ED2
0E86 2F4A  1768          XOP R10,13                                Read characte
0E88 028A  1769          CI R10,>0000                              Is character 
0E8A 0000 
           1770  
0E8C 13ED  1771          JEQ A0E6A                                 Yes, ignore a
0E8E 028A  1772          CI R10,>7F00                              No, is charac
0E90 7F00 
           1773  
0E92 13EA  1774          JEQ A0E6A                                 Yes, ignore a
ASM990 2.4.6                                Mon Aug 11 04:07:31 2025 Page 0038


0E94 028A  1775          CI R10,>1000                              No, is charac
0E96 1000 
           1776  
0E98 160D  1777          JNE A0EB6                                 No, jump.
0E9A 2F4A  1778  A0E9C   XOP R10,13                                Yes, wait for
0E9C 028A  1779          CI R10,>0000                              Is next chara
0E9E 0000 
           1780  
0EA0 13FC  1781          JEQ A0E9C                                 Yes, ignore a
0EA2 028A  1782          CI R10,>3700
0EA4 3700 
           1783  *                                                   No, is char
0EA6 130E  1784          JEQ A0EC6                                 Yes, jump.
0EA8 028A  1785          CI R10,>3C00                              No, is charac
0EAA 3C00 
           1786  
0EAC 16DD  1787          JNE A0E6A                                 No, ignore an
0EAE 2F20  1788          XOP @A013C,12                             Write charact
0EB0 013C 
           1789  
0EB2 10DA  1790          JMP A0E6A                                 Check for cha
           1791  
           1792  *                                    (Character received on 2nd
           1793  
0EB4 028A  1794  A0EB6   CI R10,>1200                              Is character 
0EB6 1200 
           1795  
0EB8 1602  1796          JNE A0EC0                                 No, jump.
0EBA 0460  1797  A0EBC   B @>1070                                  Yes, branch.
0EBC 1070 
           1798  
0EBE 028A  1799  A0EC0   CI R10,>1100
0EC0 1100 
           1800  *                                                   Is characte
0EC2 1602  1801          JNE A0ECA                                 No, jump.
           1802  
0EC4 0460  1803  A0EC6   B @A0FA0                                  Yes, branch.
0EC6 0F9E 
           1804  
0EC8 C660  1805  A0ECA   MOV @A013E,*R9                            1st TMS9902 C
0ECA 013E 
           1806  
0ECC 2F0A  1807          XOP R10,12                                Write charact
0ECE 10CC  1808          JMP A0E6A                                 Check for cha
           1809  
0ED0 0460  1810  A0ED2   B @>107C                                  Branch.
0ED2 107C 
           1811  
           1812  
0ED4 0460  1813  A0ED6   B @A0FC8                                  Branch.
0ED6 0FC6 
           1814  
           1815  
           1816  *Character received on 1st RS-232 port.
           1817  
0ED8 C660  1818  A0EDA   MOV @A013E,*R9                            1st TMS9902 C
0EDA 013E 
           1819  
0EDC 2F4A  1820          XOP R10,13                                Read characte
0EDE 028A  1821          CI R10,>1A00                              Is character 
ASM990 2.4.6                                Mon Aug 11 04:07:31 2025 Page 0039


0EE0 1A00 
           1822  
0EE2 1605  1823          JNE A0EF0                                 No, jump.
0EE4 C820  1824          MOV @>EC54,@>EC44                         Yes, restore 
0EE6 EC54 
0EE8 EC44 
0EEA 0460  1825          B @A0142                                  Return to mon
0EEC 0142 
           1826  
           1827  *                                    (Character received on 1st
           1828  
0EEE 028A  1829  A0EF0   CI R10,>0300                              Is character 
0EF0 0300 
           1830  
0EF2 1310  1831          JEQ A0F16                                 Yes, jump.
0EF4 028A  1832          CI R10,>1200                              No, is charac
0EF6 1200 
           1833  
0EF8 13E0  1834          JEQ A0EBC                                 Yes, jump.
0EFA 028A  1835          CI R10,>1400                              No, is charac
0EFC 1400 
           1836  
0EFE 1602  1837          JNE A0F06                                 No, jump.
0F00 0460  1838          B @A10FE                                  Yes, jump.
0F02 10FC 
           1839  
0F04 C041  1840  A0F06   MOV R1,R1
0F06 16E6  1841          JNE A0ED6
0F08 C082  1842          MOV R2,R2
0F0A 16E2  1843          JNE A0ED2
0F0C C660  1844          MOV @A0140,*R9                            2nd TMS9902 C
0F0E 0140 
           1845  
0F10 2F0A  1846          XOP R10,12                                Write charact
0F12 10AA  1847          JMP A0E6A                                 Loop round an
           1848  
           1849  *                                    (Character received on 1st
0F14 C660  1850  A0F16   MOV @A013E, *R9
0F16 013E 
0F18 C820  1851          MOV @>EC54, @>EC44
0F1A EC54 
0F1C EC44 
0F1E 2FA0  1852          XOP @A00D8, R14
0F20 00D8 
0F22 2ECA  1853          XOP R10, R11
0F24 2FA0  1854          XOP @A00DE, R14
0F26 00DE 
0F28 06A0  1855          BL @A0F42
0F2A 0F40 
0F2C 5500  1856          SZCB R0, *R4
0F2E 0F7E  1857          DATA >0F7E
0F30 4400  1858          SZC R0, *R0
0F32 0F94  1859          DATA >0F94
0F34 5400  1860          SZCB R0, *R0
0F36 0F5A  1861          DATA >0F5A
0F38 5100  1862          SZCB R0, R4
0F3A 0E5A  1863          DATA >0E5A
0F3C 0000  1864          DATA >0000
0F3E 05CB  1865  A0F40   INCT R11
0F40 C01B  1866  A0F42   MOV *R11, R0
ASM990 2.4.6                                Mon Aug 11 04:07:31 2025 Page 0040


0F42 1304  1867          JEQ A0F4E
0F44 82BB  1868          C *R11+, R10
0F46 16FB  1869          JNE A0F40
0F48 C2DB  1870          MOV *R11, R11
0F4A 045B  1871          RT
0F4C 2FA0  1872  A0F4E   XOP @A00F5, R14
0F4E 00F5 
0F50 10E1  1873          JMP A0F16
0F52 2FA0  1874  A0F54   XOP @>00FF, R14
0F54 00FF 
0F56 10DE  1875          JMP A0F16
0F58 2E4A  1876          XOP R10, R9
0F5A 0F16  1877          DATA >0F16
0F5C 0F54  1878          DATA >0F54
0F5E 0A2A  1879          SLA R10, 2
0F60 064A  1880          DECT R10
0F62 12F7  1881          JLE A0F54
0F64 028A  1882          CI R10, >0023
0F66 0023 
0F68 14F4  1883          JHE A0F54
0F6A 020C  1884          LI R12, >0400
0F6C 0400 
0F6E 1D0B  1885          SBO 11
0F70 1D0C  1886          SBO 12
0F72 332A  1887          LDCR @A0084(R10), R12
0F74 0084 
0F76 1E0B  1888          SBZ 11
0F78 1E0C  1889          SBZ 12
0F7A 10CC  1890          JMP A0F16
0F7C 2E4A  1891          XOP R10, R9
0F7E 0F88  1892          DATA >0F88
0F80 0F54  1893          DATA >0F54
0F82 C80A  1894          MOV R10, @>EC50
0F84 EC50 
0F86 2E4A  1895          XOP R10, R9
0F88 0F16  1896          DATA >0F16
0F8A 0F54  1897          DATA >0F54
0F8C C80A  1898          MOV R10, @>EC4E
0F8E EC4E 
0F90 10C1  1899          JMP A0F16
0F92 2E4A  1900          XOP R10, R9
0F94 0F16  1901          DATA >0F16
0F96 0F54  1902          DATA >0F54
0F98 C80A  1903          MOV R10, @>EC4C
0F9A EC4C 
0F9C 10BB  1904          JMP A0F16
0F9E 0701  1905  A0FA0   SETO R1
0FA0 C1E0  1906          MOV @>EC52, R7
0FA2 EC52 
0FA4 112D  1907          JLT A1002
0FA6 1533  1908          JGT A1010
0FA8 C1E0  1909          MOV @>EC50, R7
0FAA EC50 
0FAC 8807  1910          C R7, @>EC4E
0FAE EC4E 
0FB0 1B37  1911          JH A1022
0FB2 C660  1912          MOV @A0140, *R9
0FB4 0140 
0FB6 04C5  1913          CLR R5
0FB8 04C3  1914          CLR R3
ASM990 2.4.6                                Mon Aug 11 04:07:31 2025 Page 0041


0FBA 2FA0  1915          XOP @>0137, R14
0FBC 0137 
0FBE C287  1916          MOV R7, R10
0FC0 06A0  1917          BL @A1042
0FC2 1040 
0FC4 3900  1918          MPY R0, R4
0FC6 C297  1919  A0FC8   MOV *R7, R10
0FC8 06A0  1920          BL @A1042
0FCA 1040 
0FCC 4200  1921          SZC R0, R8
0FCE 8807  1922          C R7, @>EC4E
0FD0 EC4E 
0FD2 1A03  1923          JL A0FDC
0FD4 0720  1924          SETO @>EC52
0FD6 EC52 
0FD8 1004  1925          JMP A0FE4
0FDA 05C7  1926  A0FDC   INCT R7
0FDC 0283  1927          CI R3, A003C
0FDE 003C 
0FE0 111D  1928          JLT A101E
0FE2 0225  1929  A0FE4   AI R5, >0037
0FE4 0037 
0FE6 C285  1930          MOV R5, R10
0FE8 050A  1931          NEG R10
0FEA 06A0  1932          BL @A1042
0FEC 1040 
0FEE 3700  1933          STCR R0, R12
0FF0 C807  1934          MOV R7, @>EC50
0FF2 EC50 
0FF4 2FA0  1935          XOP @A0128, R14
0FF6 0128 
0FF8 C160  1936          MOV @>EC54, R5
0FFA EC54 
0FFC 110E  1937          JLT A101C
           1938  
           1939  *****************************
           1940  * 2ND EPROM *****************
           1941  *****************************
           1942  
0FFE 10CF  1943  A1000   DATA >10CF
1000 2FA0  1944  A1002   DATA >2FA0
1002 0137  1945          DATA >0137
1004 2FA0  1946          DATA >2FA0
1006 00E0  1947          DATA >00E0
1008 05E0  1948          DATA >05E0
100A EC52  1949          DATA >EC52
100C 10F5  1950          DATA >10F5
100E 2FA0  1951  A1010   DATA >2FA0
1010 0137  1952          DATA >0137
1012 2FA0  1953          DATA >2FA0
1014 0131  1954          DATA >0131
1016 04E0  1955          DATA >04E0
1018 EC52  1956          DATA >EC52
101A 04C1  1957  A101C   DATA >04C1
101C 0460  1958  A101E   DATA >0460
101E 0E6A  1959  A1020   DATA >0E6A
1020 2FA0  1960  A1022   DATA >2FA0
1022 0137  1961          DATA >0137
1024 2FA0  1962          DATA >2FA0
1026 0131  1963          DATA >0131
ASM990 2.4.6                                Mon Aug 11 04:07:31 2025 Page 0042


1028 C660  1964          DATA >C660
102A 013E  1965          DATA >013E
102C C820  1966          DATA >C820
102E EC54  1967  A1030   DATA >EC54
1030 EC44  1968          DATA >EC44
1032 2FA0  1969          DATA >2FA0
1034 011F  1970          DATA >011F
1036 05E0  1971          DATA >05E0
1038 EC44  1972          DATA >EC44
103A 0720  1973          DATA >0720
103C EC4C  1974          DATA >EC4C
103E 10EB  1975  A1040   DATA >10EB
1040 C03B  1976  A1042   DATA >C03B
1042 2F00  1977          DATA >2F00
1044 0980  1978          DATA >0980
1046 A140  1979          DATA >A140
1048 2E8A  1980          DATA >2E8A
104A 0223  1981          DATA >0223
104C 0005  1982          DATA >0005
104E 0200  1983  A1050   DATA >0200
1050 0004  1984          DATA >0004
1052 0B4A  1985          DATA >0B4A
1054 C18A  1986          DATA >C18A
1056 09C6  1987          DATA >09C6
1058 A146  1988          DATA >A146
105A 0225  1989          DATA >0225
105C 0030  1990          DATA >0030
105E 0286  1991  A1060   DATA >0286
1060 000A  1992          DATA >000A
1062 1A02  1993          DATA >1A02
1064 0225  1994          DATA >0225
1066 0007  1995          DATA >0007
1068 0600  1996          DATA >0600
106A 16F3  1997          DATA >16F3
106C 045B  1998          DATA >045B
           2055  
           2056  *Character received on 2nd RS-232 port is not <DLE> or <DC2>.
           2057  
106E 0702  2058  A1070   SETO R2                                   DATA >0702
1070 C660  2059          MOV @A0140,*R9                            DATA >C660  2
1072 0140 
           2060  *                        DATA >0140
1074 C020  2061          MOV @>EC4C,R0                             DATA >C020
1076 EC4C 
           2062  *                        DATA >EC4C
1078 04C7  2063          CLR R7                                    DATA >04C7
           2064  
107A 2F46  2065  A107C   XOP R6,13                                 DATA >2F46  R
107C 0286  2066          CI R6,>1400                               DATA >0286  I
107E 1400 
           2067  *                        DATA >1400
1080 133D  2068          JEQ A10FE                                 DATA >133D  Y
1082 C220  2069          MOV @>EC52,R8                             DATA >C220
1084 EC52 
           2070  *                        DATA >EC52
1086 1657  2071          JNE A1148                                 DATA >165F
1088 0286  2072          CI R6,>2000                               DATA >0286  I
108A 2000 
           2073  *                        DATA >2000
108C 11F6  2074          JLT A107C                                 DATA >11F6  Y
ASM990 2.4.6                                Mon Aug 11 04:07:31 2025 Page 0043


108E 0286  2075  A1090   CI R6,>5F00                               DATA >0286  I
1090 5F00 
           2076  *                        DATA >5F00
1092 15F3  2077          JGT A107C                                 DATA >15F3  Y
           2078  *                                    (So character is between >
1094 0705  2079          SETO R5                                   DATA >0705
1096 04CA  2080          CLR R10                                   DATA >04CA
1098 06A0  2081          BL @A073A                                 DATA >06A0  C
109A 0738 
           2082  *                        DATA >073A
109C 100B  2083          JMP A10B6                                 DATA >100B  (
           2084  
109E D22A  2085  A10A0   DATA >D22A                                (Returns here
10A0 1152  2086          DATA >1152
10A2 1332  2087          DATA >1332
10A4 06A0  2088          DATA >06A0
10A6 0722  2089          DATA >0722
10A8 100E  2090          DATA >100E
10AA 0205  2091          DATA >0205
10AC 0008  2092          DATA >0008
10AE 0878  2093  A10B0   DATA >0878
10B0 0468  2094          DATA >0468
10B2 10B2  2095          DATA >10B2
           2107  
           2108  
10B4 0286  2109  A10B6   CI R6,>0047                               DATA >0286  R
10B6 0047 
           2110  *                        DATA >0047
10B8 1106  2111          DATA >1106
10BA 0286  2112          DATA >0286
10BC 004A  2113          DATA >004A
10BE 1522  2114  A10C0   DATA >1522
10C0 0226  2115          DATA >0226
10C2 FFC9  2116          DATA >FFC9
10C4 10EC  2117          DATA >10EC
10C6 0286  2118          DATA >0286
10C8 003A  2119          DATA >003A
10CA 161C  2120          DATA >161C
10CC 103E  2121          DATA >103E
10CE 020C  2122  A10D0   DATA >020C
10D0 0400  2123          DATA >0400
10D2 04C5  2124          DATA >04C5
10D4 1F0F  2125          DATA >1F0F
10D6 16FD  2126          DATA >16FD
10D8 0605  2127          DATA >0605
10DA 16FC  2128          DATA >16FC
10DC C660  2129          DATA >C660
10DE 013E  2130  A10E0   DATA >013E
10E0 C820  2131          DATA >C820
10E2 EC54  2132          DATA >EC54
10E4 EC44  2133          DATA >EC44
10E6 0720  2134          DATA >0720
10E8 EC4C  2135          DATA >EC4C
10EA C000  2136          DATA >C000
10EC 1303  2137          DATA >1303
10EE 2FA0  2138  A10F0   DATA >2FA0
10F0 010A  2139          DATA >010A
10F2 1002  2140          DATA >1002
10F4 2FA0  2141          DATA >2FA0
10F6 0115  2142          DATA >0115
ASM990 2.4.6                                Mon Aug 11 04:07:31 2025 Page 0044


10F8 05E0  2143          DATA >05E0
10FA EC44  2144          DATA >EC44
           2145  
10FC 04C2  2146  A10FE   DATA >04C2
10FE 04E0  2147  A1100   DATA >04E0
1100 EC52  2148          DATA >EC52
1102 1021  2149          DATA >1021
1104 04C0  2150          DATA >04C0
1106 10E3  2151          DATA >10E3
1108 2F46  2152          DATA >2F46
110A 9806  2153          DATA >9806
110C 00F2  2154          DATA >00F2
110E 16FC  2155  A1110   DATA >16FC
1110 04C7  2156          DATA >04C7
1112 1019  2157          DATA >1019
1114 A1CA  2158          DATA >A1CA
1116 1317  2159          DATA >1317
1118 0700  2160          DATA >0700
111A 10D9  2161          DATA >10D9
111C A280  2162          DATA >A280
111E C0CA  2163  A1120   DATA >C0CA
1120 1012  2164          DATA >1012
1122 A280  2165          DATA >A280
1124 CCCA  2166          DATA >CCCA
1126 100F  2167          DATA >100F
1128 0645  2168          DATA >0645
112A 2F46  2169          DATA >2F46
112C 0986  2170          DATA >0986
112E 13FD  2171  A1130   DATA >13FD
1130 A1C6  2172          DATA >A1C6
1132 0605  2173          DATA >0605
1134 16FA  2174          DATA >16FA
           2175  
1136 1007  2176  A1148   DATA >1007
1138 A280  2177          DATA >A280
113A C80A  2178          DATA >C80A
113C EC1C  2179          DATA >EC1C
113E 1003  2180  A1140   DATA >1003
1140 024A  2181          DATA >024A
1142 FFFE  2182          DATA >FFFE
1144 C00A  2183          DATA >C00A
1146 0460  2184          DATA >0460
1148 0E6A  2185          DATA >0E6A
114A 0720  2186          DATA >0720
114C EC52  2187          DATA >EC52
114E 10FB  2188  A1150   DATA >10FB
1150 3D45  2189          DATA >3D45
1152 443C  2190          DATA >443C
1154 3C3C  2191          DATA >3C3C
1156 3C32  2192          DATA >3C32
1158 E437  2193          DATA >E437
115A 363A  2194          DATA >363A
115C 3948  2195          DATA >3948
115E 2A00  2196  A1160   DATA >2A00
1160 3C3C  2197          DATA >3C3C
1162 3D8B  2198          DATA >3D8B
1164 C141  2199          DATA >C141
1166 0208  2200          DATA >0208
1168 12D8  2201          DATA >12D8
116A 0209  2202          DATA >0209
ASM990 2.4.6                                Mon Aug 11 04:07:31 2025 Page 0045


116C 12BA  2203          DATA >12BA
116E 0207  2204  A1170   DATA >0207
1170 12A6  2205          DATA >12A6
1172 2FA0  2206          DATA >2FA0
1174 00F2  2207          DATA >00F2
1176 0206  2208          DATA >0206
1178 202C  2209          DATA >202C
117A C050  2210          DATA >C050
117C 2E80  2211          DATA >2E80
117E 2F06  2212  A1180   DATA >2F06
1180 2E81  2213          DATA >2E81
1182 2F06  2214          DATA >2F06
1184 04C3  2215          DATA >04C3
1186 C050  2216          DATA >C050
1188 0241  2217          DATA >0241
118A FFF0  2218          DATA >FFF0
118C C2A3  2219          DATA >C2A3
118E 13B4  2220  A1190   DATA >13B4
1190 C08A  2221          DATA >C08A
1192 1329  2222          DATA >1329
1194 024A  2223          DATA >024A
1196 FFF0  2224          DATA >FFF0
1198 8281  2225          DATA >8281
119A 1402  2226          DATA >1402
119C 0643  2227          DATA >0643
119E 10F6  2228  A11A0   DATA >10F6
11A0 C050  2229          DATA >C050
11A2 0A13  2230          DATA >0A13
11A4 0223  2231          DATA >0223
11A6 14D6  2232          DATA >14D6
11A8 604A  2233          DATA >604A
11AA 0242  2234          DATA >0242
11AC 000F  2235          DATA >000F
11AE D0A2  2236  A11B0   DATA >D0A2
11B0 11BA  2237          DATA >11BA
11B2 0972  2238          DATA >0972
11B4 0462  2239          DATA >0462
11B6 11BA  2240          DATA >11BA
11B8 060C  2241          DATA >060C
11BA 061F  2242          DATA >061F
11BC 232B  2243          DATA >232B
11BE 3337  2244  A11C0   DATA >3337
11C0 063F  2245          DATA >063F
11C2 4145  2246          DATA >4145
11C4 0697  2247          DATA >0697
11C6 0698  2248          DATA >0698
11C8 2F06  2249          DATA >2F06
11CA 0961  2250          DATA >0961
11CC 0698  2251          DATA >0698
11CE 103D  2252  A11D0   DATA >103D
11D0 C041  2253          DATA >C041
11D2 1603  2254          DATA >1603
11D4 0203  2255          DATA >0203
11D6 14DA  2256          DATA >14DA
11D8 1024  2257          DATA >1024
11DA 06C1  2258          DATA >06C1
11DC 0871  2259          DATA >0871
11DE 05C1  2260  A11E0   DATA >05C1
11E0 A040  2261          DATA >A040
11E2 0697  2262          DATA >0697
ASM990 2.4.6                                Mon Aug 11 04:07:31 2025 Page 0046


11E4 1004  2263          DATA >1004
11E6 C050  2264          DATA >C050
11E8 0203  2265          DATA >0203
11EA 14DE  2266          DATA >14DE
11EC 0697  2267          DATA >0697
11EE 2F20  2268  A11F0   DATA >2F20
11F0 14F5  2269          DATA >14F5
11F2 2E81  2270          DATA >2E81
11F4 102A  2271          DATA >102A
11F6 0697  2272          DATA >0697
11F8 0698  2273          DATA >0698
11FA C209  2274          DATA >C209
11FC 10E5  2275          DATA >10E5
11FE D041  2276  A1200   DATA >D041
1200 16F2  2277          DATA >16F2
1202 0B41  2278          DATA >0B41
1204 D081  2279          DATA >D081
1206 0A61  2280          DATA >0A61
1208 09C2  2281          DATA >09C2
120A A042  2282          DATA >A042
120C 10F4  2283          DATA >10F4
120E 8810  2284  A1210   DATA >8810
1210 1320  2285          DATA >1320
1212 1603  2286          DATA >1603
1214 0203  2287          DATA >0203
1216 14EE  2288          DATA >14EE
1218 1004  2289          DATA >1004
121A 0697  2290          DATA >0697
121C 10D7  2291          DATA >10D7
121E C041  2292  A1220   DATA >C041
1220 16E2  2293          DATA >16E2
1222 0697  2294          DATA >0697
1224 1012  2295          DATA >1012
1226 0AC1  2296          DATA >0AC1
1228 18DE  2297          DATA >18DE
122A 09C1  2298          DATA >09C1
122C 0697  2299          DATA >0697
122E 0698  2300  A1230   DATA >0698
1230 2F06  2301          DATA >2F06
1232 C070  2302          DATA >C070
1234 10DC  2303          DATA >10DC
1236 0697  2304          DATA >0697
1238 1019  2305          DATA >1019
123A C041  2306          DATA >C041
123C 16D4  2307          DATA >16D4
123E 0697  2308  A1240   DATA >0697
1240 10F8  2309          DATA >10F8
1242 0AC1  2310          DATA >0AC1
1244 18D0  2311          DATA >18D0
1246 09C1  2312          DATA >09C1
1248 10E2  2313          DATA >10E2
124A C145  2314          DATA >C145
124C 1603  2315          DATA >1603
124E C740  2316  A1250   DATA >C740
1250 0460  2317          DATA >0460
1252 0142  2318          DATA >0142
1254 C320  2319          DATA >C320
1256 013E  2320          DATA >013E
1258 1F15  2321          DATA >1F15
125A 1604  2322          DATA >1604
ASM990 2.4.6                                Mon Aug 11 04:07:31 2025 Page 0047


125C 2F42  2323          DATA >2F42
125E 0282  2324  A1260   DATA >0282
1260 2F00  2325          DATA >2F00
1262 13F5  2326          DATA >13F5
1264 8140  2327          DATA >8140
1266 1BF3  2328          DATA >1BF3
1268 0460  2329          DATA >0460
126A 1168  2330          DATA >1168
126C 0203  2331          DATA >0203
126E 2D31  2332  A1270   DATA >2D31
1270 06C1  2333          DATA >06C1
1272 0881  2334          DATA >0881
1274 1315  2335          DATA >1315
1276 1502  2336          DATA >1502
1278 2F03  2337          DATA >2F03
127A 0501  2338          DATA >0501
127C 0281  2339          DATA >0281
127E 0064  2340  A1280   DATA >0064
1280 1104  2341          DATA >1104
1282 0A83  2342          DATA >0A83
1284 2F03  2343          DATA >2F03
1286 0221  2344          DATA >0221
1288 FF9C  2345          DATA >FF9C
128A 0204  2346          DATA >0204
128C 000A  2347          DATA >000A
128E C081  2348  A1290   DATA >C081
1290 04C1  2349          DATA >04C1
1292 3C44  2350          DATA >3C44
1294 0A83  2351          DATA >0A83
1296 1302  2352          DATA >1302
1298 C041  2353          DATA >C041
129A 1301  2354          DATA >1301
129C 0699  2355          DATA >0699
129E C042  2356  A12A0   DATA >C042
12A0 0699  2357          DATA >0699
12A2 10D3  2358          DATA >10D3
12A4 0202  2359          DATA >0202
12A6 0004  2360          DATA >0004
12A8 2F13  2361          DATA >2F13
12AA 0583  2362          DATA >0583
12AC 0602  2363          DATA >0602
12AE 16FC  2364  A12B0   DATA >16FC
12B0 2F06  2365          DATA >2F06
12B2 06C6  2366          DATA >06C6
12B4 05C0  2367          DATA >05C0
12B6 045B  2368          DATA >045B
12B8 C0C1  2369          DATA >C0C1
12BA 0AC3  2370          DATA >0AC3
12BC 0943  2371          DATA >0943
12BE 0283  2372  A12C0   DATA >0283
12C0 0900  2373          DATA >0900
12C2 1203  2374          DATA >1203
12C4 06C3  2375          DATA >06C3
12C6 0223  2376          DATA >0223
12C8 0126  2377          DATA >0126
12CA 0223  2378          DATA >0223
12CC 3000  2379          DATA >3000
12CE 2F03  2380  A12D0   DATA >2F03
12D0 0A83  2381          DATA >0A83
12D2 16FD  2382          DATA >16FD
ASM990 2.4.6                                Mon Aug 11 04:07:31 2025 Page 0048


12D4 045B  2383          DATA >045B
12D6 0204  2384          DATA >0204
12D8 2A52  2385          DATA >2A52
12DA C081  2386          DATA >C081
12DC 0AA2  2387          DATA >0AA2
12DE 09E2  2388  A12E0   DATA >09E2
12E0 1603  2389          DATA >1603
12E2 06C4  2390          DATA >06C4
12E4 2F04  2391          DATA >2F04
12E6 10E8  2392          DATA >10E8
12E8 0602  2393          DATA >0602
12EA 1602  2394          DATA >1602
12EC 2F04  2395          DATA >2F04
12EE 10F9  2396  A12F0   DATA >10F9
12F0 0602  2397          DATA >0602
12F2 1610  2398          DATA >1610
12F4 2FA0  2399          DATA >2FA0
12F6 14F4  2400          DATA >14F4
12F8 2EB0  2401          DATA >2EB0
12FA C081  2402          DATA >C081
12FC 0AC2  2403          DATA >0AC2
12FE 13EA  2404  A1300   DATA >13EA
1300 0202  2405          DATA >0202
1302 2829  2406          DATA >2829
1304 2F02  2407          DATA >2F02
1306 06C4  2408          DATA >06C4
1308 2F04  2409          DATA >2F04
130A C30B  2410          DATA >C30B
130C 0699  2411          DATA >0699
130E 06C2  2412  A1310   DATA >06C2
1310 2F02  2413          DATA >2F02
1312 045C  2414          DATA >045C
1314 2FA0  2415          DATA >2FA0
1316 14F7  2416          DATA >14F7
1318 0202  2417          DATA >0202
131A 002B  2418          DATA >002B
131C 10F6  2419          DATA >10F6
131E 045B  2420  A1320   DATA >045B
1320 0000  2421          DATA >0000
1322 008B  2422          DATA >008B
1324 009B  2423          DATA >009B
1326 0185  2424          DATA >0185
1328 01C5  2425          DATA >01C5
132A 0207  2426          DATA >0207
132C 0227  2427          DATA >0227
132E 0247  2428  A1330   DATA >0247
1330 0267  2429          DATA >0267
1332 0287  2430          DATA >0287
1334 02AB  2431          DATA >02AB
1336 02CB  2432          DATA >02CB
1338 02EA  2433          DATA >02EA
133A 030A  2434          DATA >030A
133C 0346  2435          DATA >0346
133E 0366  2436  A1340   DATA >0366
1340 0386  2437          DATA >0386
1342 03A6  2438          DATA >03A6
1344 03C6  2439          DATA >03C6
1346 03E6  2440          DATA >03E6
1348 0405  2441          DATA >0405
134A 0445  2442          DATA >0445
ASM990 2.4.6                                Mon Aug 11 04:07:31 2025 Page 0049


134C 0485  2443          DATA >0485
134E 04C5  2444  A1350   DATA >04C5
1350 0505  2445          DATA >0505
1352 0545  2446          DATA >0545
1354 0585  2447          DATA >0585
1356 05C5  2448          DATA >05C5
1358 0605  2449          DATA >0605
135A 0645  2450          DATA >0645
135C 0685  2451          DATA >0685
135E 06C5  2452  A1360   DATA >06C5
1360 0705  2453          DATA >0705
1362 0745  2454          DATA >0745
1364 0804  2455          DATA >0804
1366 0904  2456          DATA >0904
1368 0A04  2457          DATA >0A04
136A 0B04  2458          DATA >0B04
136C 1001  2459          DATA >1001
136E 1101  2460  A1370   DATA >1101
1370 1201  2461          DATA >1201
1372 1301  2462          DATA >1301
1374 1401  2463          DATA >1401
1376 1501  2464          DATA >1501
1378 1601  2465          DATA >1601
137A 1701  2466          DATA >1701
137C 1801  2467          DATA >1801
137E 1901  2468  A1380   DATA >1901
1380 1A01  2469          DATA >1A01
1382 1B01  2470          DATA >1B01
1384 1C01  2471          DATA >1C01
1386 1D09  2472          DATA >1D09
1388 1E09  2473          DATA >1E09
138A 1F09  2474          DATA >1F09
138C 2002  2475          DATA >2002
138E 2402  2476  A1390   DATA >2402
1390 2802  2477          DATA >2802
1392 2C03  2478          DATA >2C03
1394 3003  2479          DATA >3003
1396 3403  2480          DATA >3403
1398 3808  2481          DATA >3808
139A 3C08  2482          DATA >3C08
139C 4000  2483          DATA >4000
139E 5000  2484  A13A0   DATA >5000
13A0 6000  2485          DATA >6000
13A2 7000  2486          DATA >7000
13A4 8000  2487          DATA >8000
13A6 9000  2488          DATA >9000
13A8 A000  2489          DATA >A000
13AA B000  2490          DATA >B000
13AC C000  2491          DATA >C000
13AE D000  2492  A13B0   DATA >D000
13B0 E000  2493          DATA >E000
13B2 F000  2494          DATA >F000
13B4 4C53  2495          DATA >4C53
13B6 5420  2496          DATA >5420
13B8 4C57  2497          DATA >4C57
13BA 5020  2498          DATA >5020
13BC 4449  2499          DATA >4449
13BE 5653  2500  A13C0   DATA >5653
13C0 4D50  2501          DATA >4D50
13C2 5953  2502          DATA >5953
ASM990 2.4.6                                Mon Aug 11 04:07:31 2025 Page 0050


13C4 4C49  2503          DATA >4C49
13C6 2020  2504          DATA >2020
13C8 4149  2505          DATA >4149
13CA 2020  2506          DATA >2020
13CC 414E  2507          DATA >414E
13CE 4449  2508  A13D0   DATA >4449
13D0 4F52  2509          DATA >4F52
13D2 4920  2510          DATA >4920
13D4 4349  2511          DATA >4349
13D6 2020  2512          DATA >2020
13D8 5354  2513          DATA >5354
13DA 5750  2514          DATA >5750
13DC 5354  2515          DATA >5354
13DE 5354  2516  A13E0   DATA >5354
13E0 4C57  2517          DATA >4C57
13E2 5049  2518          DATA >5049
13E4 4C49  2519          DATA >4C49
13E6 4D49  2520          DATA >4D49
13E8 4944  2521          DATA >4944
13EA 4C45  2522          DATA >4C45
13EC 5253  2523          DATA >5253
13EE 4554  2524  A13F0   DATA >4554
13F0 5254  2525          DATA >5254
13F2 5750  2526          DATA >5750
13F4 434B  2527          DATA >434B
13F6 4F4E  2528          DATA >4F4E
13F8 434B  2529          DATA >434B
13FA 4F46  2530          DATA >4F46
13FC 4C52  2531          DATA >4C52
13FE 4558  2532  A1400   DATA >4558
1400 424C  2533          DATA >424C
1402 5750  2534          DATA >5750
1404 4220  2535          DATA >4220
1406 2020  2536          DATA >2020
1408 5820  2537          DATA >5820
140A 2020  2538          DATA >2020
140C 434C  2539          DATA >434C
140E 5220  2540  A1410   DATA >5220
1410 4E45  2541          DATA >4E45
1412 4720  2542          DATA >4720
1414 494E  2543          DATA >494E
1416 5620  2544          DATA >5620
1418 494E  2545          DATA >494E
141A 4320  2546          DATA >4320
141C 494E  2547          DATA >494E
141E 4354  2548  A1420   DATA >4354
1420 4445  2549          DATA >4445
1422 4320  2550          DATA >4320
1424 4445  2551          DATA >4445
1426 4354  2552          DATA >4354
1428 424C  2553          DATA >424C
142A 2020  2554          DATA >2020
142C 5357  2555          DATA >5357
142E 5042  2556  A1430   DATA >5042
1430 5345  2557          DATA >5345
1432 544F  2558          DATA >544F
1434 4142  2559          DATA >4142
1436 5320  2560          DATA >5320
1438 5352  2561          DATA >5352
143A 4120  2562          DATA >4120
ASM990 2.4.6                                Mon Aug 11 04:07:31 2025 Page 0051


143C 5352  2563          DATA >5352
143E 4C20  2564  A1440   DATA >4C20
1440 534C  2565          DATA >534C
1442 4120  2566          DATA >4120
1444 5352  2567          DATA >5352
1446 4320  2568          DATA >4320
1448 4A4D  2569          DATA >4A4D
144A 5020  2570          DATA >5020
144C 4A4C  2571          DATA >4A4C
144E 5420  2572  A1450   DATA >5420
1450 4A4C  2573          DATA >4A4C
1452 4520  2574          DATA >4520
1454 4A45  2575          DATA >4A45
1456 5120  2576          DATA >5120
1458 4A48  2577          DATA >4A48
145A 4520  2578          DATA >4520
145C 4A47  2579          DATA >4A47
145E 5420  2580  A1460   DATA >5420
1460 4A4E  2581          DATA >4A4E
1462 4520  2582          DATA >4520
1464 4A4E  2583          DATA >4A4E
1466 4320  2584          DATA >4320
1468 4A4F  2585          DATA >4A4F
146A 4320  2586          DATA >4320
146C 4A4E  2587          DATA >4A4E
146E 4F20  2588  A1470   DATA >4F20
1470 4A4C  2589          DATA >4A4C
1472 2020  2590          DATA >2020
1474 4A48  2591          DATA >4A48
1476 2020  2592          DATA >2020
1478 4A4F  2593          DATA >4A4F
147A 5020  2594          DATA >5020
147C 5342  2595          DATA >5342
147E 4F20  2596  A1480   DATA >4F20
1480 5342  2597          DATA >5342
1482 5A20  2598          DATA >5A20
1484 5442  2599          DATA >5442
1486 2020  2600          DATA >2020
1488 434F  2601          DATA >434F
148A 4320  2602          DATA >4320
148C 435A  2603          DATA >435A
148E 4320  2604  A1490   DATA >4320
1490 584F  2605          DATA >584F
1492 5220  2606          DATA >5220
1494 584F  2607          DATA >584F
1496 5020  2608          DATA >5020
1498 4C44  2609          DATA >4C44
149A 4352  2610          DATA >4352
149C 5354  2611          DATA >5354
149E 4352  2612  A14A0   DATA >4352
14A0 4D50  2613          DATA >4D50
14A2 5920  2614          DATA >5920
14A4 4449  2615          DATA >4449
14A6 5620  2616          DATA >5620
14A8 535A  2617          DATA >535A
14AA 4320  2618          DATA >4320
14AC 535A  2619          DATA >535A
14AE 4342  2620  A14B0   DATA >4342
14B0 5320  2621          DATA >5320
14B2 2020  2622          DATA >2020
ASM990 2.4.6                                Mon Aug 11 04:07:31 2025 Page 0052


14B4 5342  2623          DATA >5342
14B6 2020  2624          DATA >2020
14B8 4320  2625          DATA >4320
14BA 2020  2626          DATA >2020
14BC 4342  2627          DATA >4342
14BE 2020  2628  A14C0   DATA >2020
14C0 4120  2629          DATA >4120
14C2 2020  2630          DATA >2020
14C4 4142  2631          DATA >4142
14C6 2020  2632          DATA >2020
14C8 4D4F  2633          DATA >4D4F
14CA 5620  2634          DATA >5620
14CC 4D4F  2635          DATA >4D4F
14CE 5642  2636  A14D0   DATA >5642
14D0 534F  2637          DATA >534F
14D2 4320  2638          DATA >4320
14D4 534F  2639          DATA >534F
14D6 4342  2640          DATA >4342
14D8 4E4F  2641          DATA >4E4F
14DA 5020  2642          DATA >5020
14DC 4441  2643          DATA >4441
14DE 5441  2644  A14E0   DATA >5441
14E0 5445  2645          DATA >5445
14E2 5854  2646          DATA >5854
14E4 414F  2647          DATA >414F
14E6 5247  2648          DATA >5247
14E8 454E  2649          DATA >454E
14EA 4420  2650          DATA >4420
14EC 5254  2651          DATA >5254
14EE 2020  2652  A14F0   DATA >2020
14F0 0000  2653          DATA >0000
14F2 403E  2654          DATA >403E
14F4 002A  2655          DATA >002A
14F6 5200  2656          DATA >5200
14F8 FFFF  2657          DATA >FFFF
14FA FFFF  2658          DATA >FFFF
14FC FFFF  2659          DATA >FFFF
           2991  >1350   04C5 0505 0545 0585 05C5 0605 0645 0685   .....E.......
           3234  
           3235  
           3236  
           3237          END
ASM990 2.4.6                                Mon Aug 11 04:07:31 2025 Page 0053


A0014    0014   A001C    001C   A0020    0020   A0021    0022   A0023    0023   
A0028    0028   A002D    002D   A003A    003A   A003C    003C   A003E    003E   
A0084    0084   A0094    0094   A00A4    00A4   A00AC    00AC   A00AD    00AD   
A00BC    00BC   A00CE    00CE   A00CF    00D0   A00D6    00D6   A00D8    00D8   
A00DE    00DE   A00E3    00E3   A00F2    00F2   A00F5    00F5   A0128    0128   
A0134    0134   A0136    0136   A013A    013A   A013B    013B   A013C    013C   
A013E    013E   A0140    0140   A0142    0142   A015A    015A   A016A    016A   
A016C    016C   A0180    0180   A0186    0186   A0188    0188   A018C    018C   
A0190    0190   A0194    0194   A0196    0196   A019A    019A   A019C    019C   
A01A0    01A0   A01BA    01BA   A01C2    01C2   A01C8    01C8   A01CC    01CC   
A01E2    01E2   A01EE    01EE   A01F8    01F8   A0200    0200   A0202    0202   
A0204    0204   A0208    0208   A020E    020E   A0214    0214   A021A    021A   
A021E    021E   A0226    0226   A0244    0244   A0248    0248   A024E    024E   
A0252    0252   A025A    025A   A026A    026A   A0274    0274   A027A    027A   
A027C    027C   A027E    027E   A0280    0280   A0282    0282   A0284    0284   
A0286    0286   A0288    0288   A028A    028A   A028C    028C   A028E    028E   
A0290    0290   A0292    0292   A0294    0294   A0296    0296   A0298    0298   
A029A    029A   A029C    029C   A029E    029E   A02A0    02A0   A02A2    02A2   
A02A4    02A4   A02A6    02A6   A02A8    02A8   A02AA    02AA   A02AC    02AC   
A02AE    02AE   A02B0    02B0   A02B2    02B2   A02B4    02B4   A02B6    02B6   
A02B8    02B8   A02BA    02BA   A02BC    02BC   A02BE    02BE   A02C0    02C0   
A02C2    02C2   A02C4    02C4   A02C6    02C6   A02C8    02C8   A02CA    02CA   
A02CC    02CC   A02CE    02CE   A02D0    02D0   A02D2    02D2   A02D4    02D4   
A02D6    02D6   A02D8    02D8   A02DA    02DA   A02DC    02DC   A02DE    02DE   
A02E0    02E0   A02E2    02E2   A02EE    02EE   A02F4    02F4   A030A    030A   
A0312    0312   A0318    0318   A0324    0324   A0326    0326   A032A    032A   
A032C    032C   A0334    0334   A0338    0338   A0342    0342   A0346    0346   
A034E    034E   A0350    0350   A0362    0362   A036C    036C   A0370    0370   
A0378    0378   A0390    0390   A039A    039A   A03B8    03B8   A03C4    03C4   
A03E0    03E0   A03EC    03EC   A03F0    03F0   A03F4    03F4   A0408    0408   
A0426    0426   A042C    042C   A042E    042E   A0436    0436   A0440    0440   
A044A    044A   A0450    0450   A045C    045C   A0460    0460   A0470    0470   
A0472    0472   A0474    0474   A048C    048C   A04A0    04A0   A04AC    04AC   
A04BC    04BC   A04E4    04E4   A04F0    04F0   A04F4    04F4   A04F8    04F8   
A051A    051A   A0526    0526   A053E    053E   A0550    0550   A0552    0552   
A0560    0560   A0568    0568   A0576    0576   A0578    0578   A058C    058C   
A05B2    05B2   A05C6    05C6   A05CE    05CE   A05E2    05E2   A0602    0602   
A060A    060A   A061A    061A   A061C    061C   A062E    062E   A0644    0642   
A064A    0648   A065C    065A   A065E    065C   A0666    0664   A0678    0676   
A067C    067A   A068E    068C   A0696    0694   A069C    069A   A06B0    06AE   
A06B4    06B2   A06B6    06B4   A06BA    06B8   A06C2    06C0   A06C6    06C4   
A06F2    06F0   A0722    0720   A0728    0726   A072A    0728   A072C    072A   
A073A    0738   A0744    0742   A0760    075E   A076E    076C   A0770    076E   
A0782    0780   A078E    078C   A0790    078E   A079A    0798   A07A0    079E   
A07B4    07B2   A07B8    07B6   A07BA    07B8   A07C2    07C0   A07C4    07C2   
A07C8    07CA   A07D4    07D2   A07EE    07EC   A07F8    07F6   A0814    0812   
A0818    0816   A081C    081A   A0824    0822   A082E    082C   A0838    0836   
A084E    084C   A0850    084E   A0860    085E   A0868    0866   A0872    0870   
A0884    0882   A08AA    08A8   A08B2    08B0   A08D8    08D6   A0904    0902   
A091A    0918   A0922    0920   A092E    092C   A0936    0934   A0940    093E   
A0952    0950   A0956    0954   A097A    0978   A097E    097C   A098A    0988   
A0998    0996   A099A    0998   A09B6    09B4   A09BE    09BC   A09C8    09C6   
A09D2    09D0   A09D6    09D4   A09E6    09E4   A09F4    09F2   A0A34    0A32   
A0A3A    0A38   A0A3C    0A3A   A0A50    0A4E   A0A52    0A50   A0A76    0A74   
A0A96    0A94   A0A98    0A96   A0AAC    0AAA   A0ABC    0ABA   A0AC0    0ABE   
A0AC4    0AC2   A0AD0    0ACE   A0AD6    0AD4   A0AF8    0AF6   A0AFA    0AF8   
A0AFE    0AFC   A0B04    0B02   A0B06    0B04   A0B14    0B12   A0B18    0B16   
A0B22    0B20   A0B2A    0B28   A0B30    0B2E   A0B34    0B32   A0B44    0B42   
A0B48    0B46   A0B52    0B50   A0B5A    0B58   A0B5E    0B5C   A0B6C    0B6A   
A0B7A    0B78   A0B98    0B96   A0BAA    0BA8   A0BB2    0BB0   A0BB4    0BB2   
ASM990 2.4.6                                Mon Aug 11 04:07:31 2025 Page 0054


A0BBE    0BBC   A0BCC    0BCA   A0BCE    0BCC   A0BDA    0BD8   A0BE8    0BE6   
A0BEC    0BEA   A0BEE    0BEC   A0BF4    0BF2   A0C02    0C00   A0C04    0C02   
A0C0A    0C08   A0C0C    0C0A   A0C10    0C0E   A0C14    0C12   A0C28    0C26   
A0C2A    0C28   A0C30    0C2E   A0C32    0C30   A0C34    0C32   A0C4A    0C48   
A0C4E    0C4C   A0C60    0C5E   A0C64    0C62   A0C76    0C74   A0C82    0C80   
A0C86    0C84   A0C98    0C96   A0C9A    0C98   A0C9C    0C9A   A0C9E    0C9C   
A0CB0    0CAE   A0CBE    0CBC   A0CC6    0CC4   A0CD6    0CD4   A0D00    0CFE   
A0D76    0D74   A0E1A    0E18   A0E6A    0E68   A0E80    0E7E   A0E9C    0E9A   
A0EB6    0EB4   A0EBC    0EBA   A0EC0    0EBE   A0EC6    0EC4   A0ECA    0EC8   
A0ED2    0ED0   A0ED6    0ED4   A0EDA    0ED8   A0EF0    0EEE   A0F06    0F04   
A0F16    0F14   A0F40    0F3E   A0F42    0F40   A0F4E    0F4C   A0F54    0F52   
A0FA0    0F9E   A0FC8    0FC6   A0FDC    0FDA   A0FE4    0FE2   A1000    0FFE   
A1002    1000   A1010    100E   A101C    101A   A101E    101C   A1020    101E   
A1022    1020   A1030    102E   A1040    103E   A1042    1040   A1050    104E   
A1060    105E   A1070    106E   A107C    107A   A1090    108E   A10A0    109E   
A10B0    10AE   A10B6    10B4   A10C0    10BE   A10D0    10CE   A10E0    10DE   
A10F0    10EE   A10FE    10FC   A1100    10FE   A1110    110E   A1120    111E   
A1130    112E   A1140    113E   A1148    1136   A1150    114E   A1160    115E   
A1170    116E   A1180    117E   A1190    118E   A11A0    119E   A11B0    11AE   
A11C0    11BE   A11D0    11CE   A11E0    11DE   A11F0    11EE   A1200    11FE   
A1210    120E   A1220    121E   A1230    122E   A1240    123E   A1250    124E   
A1260    125E   A1270    126E   A1280    127E   A1290    128E   A12A0    129E   
A12B0    12AE   A12C0    12BE   A12D0    12CE   A12E0    12DE   A12F0    12EE   
A1300    12FE   A1310    130E   A1320    131E   A1330    132E   A1340    133E   
A1350    134E   A1360    135E   A1370    136E   A1380    137E   A1390    138E   
A13A0    139E   A13B0    13AE   A13C0    13BE   A13D0    13CE   A13E0    13DE   
A13F0    13EE   A1400    13FE   A1410    140E   A1420    141E   A1430    142E   
A1440    143E   A1450    144E   A1460    145E   A1470    146E   A1480    147E   
A1490    148E   A14A0    149E   A14B0    14AE   A14C0    14BE   A14D0    14CE   
A14E0    14DE   A14F0    14EE   R0       0000   R1       0001   R10      000A   
R11      000B   R12      000C   R13      000D   R14      000E   R15      000F   
R2       0002   R3       0003   R4       0004   R5       0005   R6       0006   
R7       0007   R8       0008   R9       0009   

0 Errors in assembly
